gene_id,gene_name,feature_name,training_raw_variance
ENSG00000087086,FTL,FTL,2102.775918209854
ENSG00000167996,FTH1,FTH1,1213.3211925582787
ENSG00000251562,MALAT1,MALAT1,1039.5276328875452
ENSG00000205542,TMSB4X,TMSB4X,943.699506172854
ENSG00000166710,B2M,B2M,686.4173996913651
ENSG00000090382,LYZ,LYZ,596.5203626543125
ENSG00000075624,ACTB,ACTB,411.6993518518508
ENSG00000147403,RPL10,RPL10,316.0035802469142
ENSG00000163220,S100A9,S100A9,300.84368805726865
ENSG00000167526,RPL13,RPL13,283.0374477023364
ENSG00000142541,RPL13A,RPL13A,271.7634224965708
ENSG00000140988,RPS2,RPS2,268.1349689214652
ENSG00000019582,CD74,CD74,244.55171467763523
ENSG00000137154,RPS6,RPS6,233.55287722907792
ENSG00000231500,RPS18,RPS18,181.66412015603106
ENSG00000204287,HLA-DRA,HLA-DRA,169.0995541838123
ENSG00000108298,RPL19,RPL19,154.55514317557936
ENSG00000149273,RPS3,RPS3,148.85812671467522
ENSG00000112306,RPS12,RPS12,142.34221450616866
ENSG00000034510,TMSB10,TMSB10,140.71143689986175
ENSG00000100316,RPL3,RPL3,140.03209790809035
ENSG00000142676,RPL11,RPL11,129.78518325617108
ENSG00000198804,MT-CO1,MT-CO1,129.54296210562262
ENSG00000144713,RPL32,RPL32,125.0335871056198
ENSG00000137818,RPLP1,RPLP1,122.6581770833318
ENSG00000105372,RPS19,RPS19,119.71628858024496
ENSG00000164587,RPS14,RPS14,96.63880315500376
ENSG00000101439,CST3,CST3,95.52083140431989
ENSG00000177954,RPS27,RPS27,94.10296103394876
ENSG00000105640,RPL18A,RPL18A,90.96324074074002
ENSG00000156508,EEF1A1,EEF1A1,90.17203703703444
ENSG00000198034,RPS4X,RPS4X,89.3683159722226
ENSG00000196154,S100A4,S100A4,88.5773557527415
ENSG00000145425,RPS3A,RPS3A,85.3569956704396
ENSG00000143546,S100A8,S100A8,84.78086334019166
ENSG00000143947,RPS27A,RPS27A,81.52272612311398
ENSG00000108107,RPL28,RPL28,74.60432013031539
ENSG00000174748,RPL15,RPL15,67.85205675582989
ENSG00000134419,RPS15A,RPS15A,66.71285986797008
ENSG00000122026,RPL21,RPL21,66.06940243484229
ENSG00000198712,MT-CO2,MT-CO2,65.24120370370207
ENSG00000083845,RPS5,RPS5,64.85955739883258
ENSG00000197958,RPL12,RPL12,64.39163044410097
ENSG00000198755,RPL10A,RPL10A,64.29620177469026
ENSG00000133112,TPT1,TPT1,61.87588391632275
ENSG00000177600,RPLP2,RPLP2,61.12729745370433
ENSG00000142937,RPS8,RPS8,60.4665432098752
ENSG00000198242,RPL23A,RPL23A,58.03182098765467
ENSG00000161016,RPL8,RPL8,56.673796296294725
ENSG00000223865,HLA-DPB1,HLA-DPB1,53.65384066358068
ENSG00000105374,NKG7,NKG7,53.12394975994542
ENSG00000170889,RPS9,RPS9,52.8719802383379
ENSG00000166441,RPL27A,RPL27A,52.00539073216578
ENSG00000115523,GNLY,GNLY,51.453513160151026
ENSG00000187514,PTMA,PTMA,50.794418509942176
ENSG00000148303,RPL7A,RPL7A,50.2829113082967
ENSG00000188846,RPL14,RPL14,49.55571930726791
ENSG00000171863,RPS7,RPS7,49.529423653975826
ENSG00000089009,RPL6,RPL6,48.898311899861625
ENSG00000109475,RPL34,RPL34,47.396395747597715
ENSG00000163682,RPL9,RPL9,44.84601316014877
ENSG00000171223,JUNB,JUNB,43.605243484223706
ENSG00000011600,TYROBP,TYROBP,43.34722200788773
ENSG00000063177,RPL18,RPL18,43.17017746913368
ENSG00000204525,HLA-C,HLA-C,42.593270747597444
ENSG00000198938,MT-CO3,MT-CO3,42.126280649861506
ENSG00000105193,RPS16,RPS16,41.957879801094876
ENSG00000168028,RPSA,RPSA,41.12683449073915
ENSG00000162244,RPL29,RPL29,40.31913580246619
ENSG00000147604,RPL7,RPL7,39.75699567043647
ENSG00000186468,RPS23,RPS23,39.5694367283926
ENSG00000104904,OAZ1,OAZ1,39.28294560185262
ENSG00000204628,GNB2L1,GNB2L1,39.11646004800939
ENSG00000227507,LTB,LTB,39.03761231138591
ENSG00000122406,RPL5,RPL5,38.75508209019022
ENSG00000196531,NACA,NACA,38.60413044410078
ENSG00000111640,GAPDH,GAPDH,36.818847522291534
ENSG00000115268,RPS15,RPS15,36.78322702331724
ENSG00000161970,RPL26,RPL26,36.64820901920217
ENSG00000108518,PFN1,PFN1,36.20884752229084
ENSG00000206503,HLA-A,HLA-A,35.29973743998571
ENSG00000231389,HLA-DPA1,HLA-DPA1,34.91026213134465
ENSG00000156482,RPL30,RPL30,33.9997837362812
ENSG00000196126,HLA-DRB1,HLA-DRB1,33.602498070987885
ENSG00000103187,COTL1,COTL1,33.020653077846944
ENSG00000184009,ACTG1,ACTG1,31.733868098423052
ENSG00000197956,S100A6,S100A6,31.624732295953944
ENSG00000170345,FOS,FOS,31.065994513031562
ENSG00000130066,SAT1,SAT1,29.82360768175623
ENSG00000204482,LST1,LST1,29.297684970850593
ENSG00000100097,LGALS1,LGALS1,29.232782707476204
ENSG00000118181,RPS25,RPS25,28.673545953359678
ENSG00000110700,RPS13,RPS13,26.748765217763868
ENSG00000174444,RPL4,RPL4,25.477998756858938
ENSG00000204472,AIF1,AIF1,25.452897805212714
ENSG00000089157,RPLP0,RPLP0,25.32136295438977
ENSG00000071082,RPL31,RPL31,25.140328360766716
ENSG00000173812,EIF1,EIF1,24.790730238339833
ENSG00000026025,VIM,VIM,24.65755829904031
ENSG00000161570,CCL5,CCL5,24.500883916323815
ENSG00000182899,RPL35A,RPL35A,24.134237825787423
ENSG00000198727,MT-CYB,MT-CYB,23.635644718793046
ENSG00000132475,H3F3B,H3F3B,23.04598422496572
ENSG00000124614,RPS10,RPS10,22.865617283949682
ENSG00000158869,FCER1G,FCER1G,22.124768304183903
ENSG00000051523,CYBA,CYBA,21.903055555555852
ENSG00000149806,FAU,FAU,21.41487568587057
ENSG00000136942,RPL35,RPL35,21.099043209876477
ENSG00000132465,IGJ,IGJ,20.906973379629637
ENSG00000221983,UBA52,UBA52,20.875120027434853
ENSG00000142669,SH3BGRL3,SH3BGRL3,20.826294367284135
ENSG00000142534,RPS11,RPS11,19.935531550068454
ENSG00000120129,DUSP1,DUSP1,19.836759259259253
ENSG00000198886,MT-ND4,MT-ND4,19.740491898147877
ENSG00000104529,EEF1D,EEF1D,19.688970336076615
ENSG00000198888,MT-ND1,MT-ND1,19.014554183813623
ENSG00000111348,ARHGDIB,ARHGDIB,18.125819615912235
ENSG00000172757,CFL1,CFL1,17.888446287722893
ENSG00000163131,CTSS,CTSS,17.628055555555814
ENSG00000008988,RPS20,RPS20,17.364907193072707
ENSG00000234745,HLA-B,HLA-B,16.644331061385305
ENSG00000114391,RPL24,RPL24,15.728819444444142
ENSG00000085265,FCN1,FCN1,15.492399691358102
ENSG00000092841,MYL6,MYL6,15.46477859224978
ENSG00000265681,RPL17,RPL17,15.07177447702329
ENSG00000198763,MT-ND2,MT-ND2,15.037770061728388
ENSG00000131469,RPL27,RPL27,14.952914737654261
ENSG00000233927,RPS28,RPS28,14.774535108024693
ENSG00000204592,HLA-E,HLA-E,13.907056755829958
ENSG00000101608,MYL12A,MYL12A,13.609502743484263
ENSG00000008517,IL32,IL32,13.491007373113955
ENSG00000133639,BTG1,BTG1,13.41696159122091
ENSG00000163191,S100A11,S100A11,13.117204861111295
ENSG00000169442,CD52,CD52,13.09122406550062
ENSG00000100453,GZMB,GZMB,12.949634559327853
ENSG00000130255,RPL36,RPL36,12.873266246570388
ENSG00000138326,RPS24,RPS24,12.86810613854571
ENSG00000111229,ARPC3,ARPC3,12.814183813443249
ENSG00000104894,CD37,CD37,12.637640603566766
ENSG00000185201,IFITM2,IFITM2,12.622599451303344
ENSG00000122862,SRGN,SRGN,12.596288580247096
ENSG00000130429,ARPC1B,ARPC1B,12.380348936900104
ENSG00000197756,RPL37A,RPL37A,12.297523148147931
ENSG00000123349,PFDN5,PFDN5,12.002451774691215
ENSG00000131143,COX4I1,COX4I1,11.86739969135802
ENSG00000065978,YBX1,YBX1,11.838749785665524
ENSG00000145592,RPL37,RPL37,11.823340192043485
ENSG00000177606,JUN,JUN,11.681666666666889
ENSG00000197746,PSAP,PSAP,11.606892789780696
ENSG00000114942,EEF1B2,EEF1B2,11.502838648834093
ENSG00000163736,PPBP,PPBP,10.975120027434855
ENSG00000070756,PABPC1,PABPC1,10.807180212620187
ENSG00000254709,IGLL5,IGLL5,10.55851766117971
ENSG00000119655,NPC2,NPC2,10.436651020233294
ENSG00000135390,ATP5G2,ATP5G2,10.234461591221073
ENSG00000197747,S100A10,S100A10,9.987036179698398
ENSG00000135486,HNRNPA1,HNRNPA1,9.941782407407226
ENSG00000150991,UBC,UBC,9.895768175583065
ENSG00000213741,RPS29,RPS29,9.785817686899637
ENSG00000084207,GSTP1,GSTP1,9.77707283093287
ENSG00000163466,ARPC2,ARPC2,9.670287851509102
ENSG00000198899,MT-ATP6,MT-ATP6,9.396278935185391
ENSG00000169100,SLC25A6,SLC25A6,9.379930555555703
ENSG00000142227,EMP3,EMP3,9.028192515432188
ENSG00000105373,GLTSCR2,GLTSCR2,8.671388674554278
ENSG00000181163,NPM1,NPM1,8.642453489369174
ENSG00000170315,UBB,UBB,8.498023834019325
ENSG00000111716,LDHB,LDHB,8.494628772290966
ENSG00000145741,BTF3,BTF3,8.31527434842258
ENSG00000128016,ZFP36,ZFP36,8.0627312671469
ENSG00000067082,KLF6,KLF6,8.006686385459592
ENSG00000101182,PSMA7,PSMA7,7.929999142661263
ENSG00000160932,LY6E,LY6E,7.801001157407571
ENSG00000136156,ITM2B,ITM2B,7.7266426611798105
ENSG00000102317,RBM3,RBM3,7.688988340192116
ENSG00000241343,RPL36A,RPL36A,7.651062885802485
ENSG00000233276,GPX1,GPX1,7.554420438957554
ENSG00000167658,EEF2,EEF2,7.419461591220955
ENSG00000178982,EIF3K,EIF3K,7.322105624142724
ENSG00000129824,RPS4Y1,RPS4Y1,7.137035108024834
ENSG00000025708,TYMP,TYMP,7.134480238340236
ENSG00000142089,IFITM3,IFITM3,7.115307784636507
ENSG00000089327,FXYD5,FXYD5,7.098794367284
ENSG00000135046,ANXA1,ANXA1,6.765761102537788
ENSG00000203747,FCGR3A,FCGR3A,6.668449074074086
ENSG00000197728,RPS26,RPS26,6.666244641632316
ENSG00000123416,TUBA1B,TUBA1B,6.643291323731221
ENSG00000102879,CORO1A,CORO1A,6.604598551097494
ENSG00000125691,RPL23,RPL23,6.597548010974099
ENSG00000105369,CD79A,CD79A,6.431702460562416
ENSG00000198502,HLA-DRB5,HLA-DRB5,6.394907407407425
ENSG00000140264,SERF2,SERF2,6.362893518518664
ENSG00000113732,ATP6V0E1,ATP6V0E1,6.300802469135846
ENSG00000187608,ISG15,ISG15,6.282636959876594
ENSG00000117091,CD48,CD48,6.172636959876619
ENSG00000130755,GMFG,GMFG,6.139274477023379
ENSG00000080824,HSP90AA1,HSP90AA1,6.083024477023352
ENSG00000100079,LGALS2,LGALS2,6.039698216735262
ENSG00000161960,EIF4A1,EIF4A1,5.981913580246987
ENSG00000213719,CLIC1,CLIC1,5.968964120370444
ENSG00000133872,TMEM66,TMEM66,5.89191850994524
ENSG00000245532,NEAT1,NEAT1,5.884164737654418
ENSG00000160888,IER2,IER2,5.870040294924616
ENSG00000166794,PPIB,PPIB,5.858743998628276
ENSG00000103490,PYCARD,PYCARD,5.854824888545975
ENSG00000117289,TXNIP,TXNIP,5.84248949759954
ENSG00000162704,ARPC5,ARPC5,5.83557527434848
ENSG00000165502,RPL36AL,RPL36AL,5.764286694101574
ENSG00000122566,HNRNPA2B1,HNRNPA2B1,5.748285108024755
ENSG00000092010,PSME1,PSME1,5.66512152777784
ENSG00000162511,LAPTM5,LAPTM5,5.554619127229172
ENSG00000167286,CD3D,CD3D,5.55179698216736
ENSG00000108654,DDX5,DDX5,5.529320130315588
ENSG00000171858,RPS21,RPS21,5.447890732167473
ENSG00000128340,RAC2,RAC2,5.428435999657141
ENSG00000144224,UBXN4,UBXN4,5.424122085048051
ENSG00000117450,PRDX1,PRDX1,5.420599922839522
ENSG00000164104,HMGB2,HMGB2,5.416850994513083
ENSG00000129277,CCL4,CCL4,5.336265432098776
ENSG00000136490,LIMD2,LIMD2,5.210336076817619
ENSG00000147677,EIF3H,EIF3H,5.209819744513089
ENSG00000143110,C1orf162,C1orf162,5.15472200788755
ENSG00000172809,RPL38,RPL38,5.147900377229176
ENSG00000198692,EIF1AY,EIF1AY,5.087052254801162
ENSG00000146278,PNRC1,PNRC1,5.071974451303229
ENSG00000213402,PTPRCAP,PTPRCAP,5.060994513031574
ENSG00000172216,CEBPB,CEBPB,5.02227023319617
ENSG00000140319,SRP14,SRP14,4.959937414266189
ENSG00000169230,PRELID1,PRELID1,4.847760416666714
ENSG00000102265,TIMP1,TIMP1,4.8468441358025
ENSG00000169567,HINT1,HINT1,4.8353684413580575
ENSG00000121966,CXCR4,CXCR4,4.819427083333384
ENSG00000196329,GIMAP5,GIMAP5,4.751473765432108
ENSG00000196735,HLA-DQA1,HLA-DQA1,4.705692515432103
ENSG00000166913,YWHAB,YWHAB,4.678291323731192
ENSG00000118680,MYL12B,MYL12B,4.662165423525453
ENSG00000104388,RAB2A,RAB2A,4.600904492455504
ENSG00000077984,CST7,CST7,4.596465835048016
ENSG00000198668,CALM1,CALM1,4.561942515432155
ENSG00000005022,SLC25A5,SLC25A5,4.5512326388889015
ENSG00000189403,HMGB1,HMGB1,4.534953489369048
ENSG00000157514,TSC22D3,TSC22D3,4.524408221879346
ENSG00000115875,SRSF7,SRSF7,4.502746913580274
ENSG00000125835,SNRPB,SNRPB,4.5013783864884545
ENSG00000006075,CCL3,CCL3,4.495090663580247
ENSG00000100650,SRSF5,SRSF5,4.44380122599457
ENSG00000177156,TALDO1,TALDO1,4.442926740397812
ENSG00000204387,C6orf48,C6orf48,4.368510802469171
ENSG00000168685,IL7R,IL7R,4.257085048010988
ENSG00000145287,PLAC8,PLAC8,4.248748070987662
ENSG00000169976,SF3B5,SF3B5,4.236933299039826
ENSG00000082074,FYB,FYB,4.221939086076806
ENSG00000180644,PRF1,PRF1,4.202776920438964
ENSG00000107223,EDF1,EDF1,4.136543209876576
ENSG00000118816,CCNI,CCNI,4.133177083333381
ENSG00000100906,NFKBIA,NFKBIA,4.113703489369023
ENSG00000179344,HLA-DQB1,HLA-DQB1,4.1063869598765494
ENSG00000133574,GIMAP4,GIMAP4,4.097576946159143
ENSG00000149925,ALDOA,ALDOA,4.079436728395134
ENSG00000182718,ANXA2,ANXA2,4.020185185185191
ENSG00000117118,SDHB,SDHB,4.0183536951303696
ENSG00000126709,IFI6,IFI6,4.010120027434857
ENSG00000131495,NDUFA2,NDUFA2,4.002177640603602
ENSG00000074800,ENO1,ENO1,3.9889909122085454
ENSG00000164096,C4orf3,C4orf3,3.982708333333393
ENSG00000164543,STK17A,STK17A,3.974585048011012
ENSG00000188404,SELL,SELL,3.966074888545932
ENSG00000112081,SRSF3,SRSF3,3.9236796982167332
ENSG00000077549,CAPZB,CAPZB,3.902252872085094
ENSG00000099624,ATP5D,ATP5D,3.8937240655007255
ENSG00000165672,PRDX3,PRDX3,3.8686694101508774
ENSG00000131171,SH3BGRL,SH3BGRL,3.865739883401957
ENSG00000109332,UBE2D3,UBE2D3,3.855513545953407
ENSG00000131051,RBM39,RBM39,3.8434765089162974
ENSG00000213654,GPSM3,GPSM3,3.8212480709877075
ENSG00000122034,GTF3A,GTF3A,3.807062542866934
ENSG00000118640,VAMP8,VAMP8,3.792299168381387
ENSG00000187109,NAP1L1,NAP1L1,3.782158564814843
ENSG00000169714,CNBP,CNBP,3.779658564814877
ENSG00000204264,PSMB8,PSMB8,3.7738648834019495
ENSG00000204257,HLA-DMA,HLA-DMA,3.769783950617299
ENSG00000172543,CTSW,CTSW,3.7568895747599496
ENSG00000007312,CD79B,CD79B,3.6887851508916283
ENSG00000115738,ID2,ID2,3.682890732167357
ENSG00000099622,CIRBP,CIRBP,3.6787240655007296
ENSG00000009790,TRAF3IP3,TRAF3IP3,3.6646088391632308
ENSG00000167283,ATP5L,ATP5L,3.6393413494513265
ENSG00000197766,CFD,CFD,3.6218441358024833
ENSG00000042753,AP2S1,AP2S1,3.616755829903977
ENSG00000116824,CD2,CD2,3.6140258487654284
ENSG00000133321,RARRES3,RARRES3,3.612599451303168
ENSG00000134333,LDHA,LDHA,3.6112480709876467
ENSG00000170759,KIF5B,KIF5B,3.602962962962963
ENSG00000163479,SSR2,SSR2,3.581973379629617
ENSG00000144746,ARL6IP5,ARL6IP5,3.5778701560356776
ENSG00000198851,CD3E,CD3E,3.564598551097415
ENSG00000125534,PPDPF,PPDPF,3.557200788751742
ENSG00000177105,RHOG,RHOG,3.527722908093273
ENSG00000089280,FUS,FUS,3.457715192043881
ENSG00000116251,RPL22,RPL22,3.410300925925963
ENSG00000145220,LYAR,LYAR,3.401002872085047
ENSG00000104964,AES,AES,3.3966647376543246
ENSG00000090263,MRPS33,MRPS33,3.392720979080932
ENSG00000163737,PF4,PF4,3.3120316786694093
ENSG00000106153,CHCHD2,CHCHD2,3.2962268518519005
ENSG00000106028,SSBP1,SSBP1,3.295264060356644
ENSG00000143543,JTB,JTB,3.2872599451303026
ENSG00000162191,UBXN1,UBXN1,3.2669204389574498
ENSG00000152518,ZFP36L2,ZFP36L2,3.2294750943073263
ENSG00000213593,TMX2,TMX2,3.2049020490397693
ENSG00000156976,EIF4A2,EIF4A2,3.17894718792871
ENSG00000102144,PGK1,PGK1,3.1735851766117733
ENSG00000145649,GZMA,GZMA,3.165838263031546
ENSG00000120675,DNAJC15,DNAJC15,3.1359548611111068
ENSG00000152234,ATP5A1,ATP5A1,3.1215629286693845
ENSG00000121858,TNFSF10,TNFSF10,3.1186342592592426
ENSG00000175550,DRAP1,DRAP1,3.1185150891632163
ENSG00000146386,ABRACL,ABRACL,3.1129610339506035
ENSG00000196262,PPIA,PPIA,3.0954421724966252
ENSG00000140990,NDUFB10,NDUFB10,3.0887851508916047
ENSG00000111669,TPI1,TPI1,3.087366040809334
ENSG00000113648,H2AFY,H2AFY,3.0853650120027365
ENSG00000254999,BRK1,BRK1,3.0605536265431805
ENSG00000172531,PPP1CA,PPP1CA,3.0467573302468853
ENSG00000105856,HBP1,HBP1,3.0422290809327848
ENSG00000180573,HIST1H2AC,HIST1H2AC,3.0398043124142635
ENSG00000156587,UBE2L6,UBE2L6,3.0359044924554013
ENSG00000169813,HNRNPF,HNRNPF,2.984992283950583
ENSG00000198931,APRT,APRT,2.978044410150898
ENSG00000197249,SERPINA1,SERPINA1,2.9663888888888836
ENSG00000130592,LSP1,LSP1,2.9630810613854424
ENSG00000136238,RAC1,RAC1,2.9595987654320868
ENSG00000152795,HNRNPDL,HNRNPDL,2.9509945130315556
ENSG00000099783,HNRNPM,HNRNPM,2.9473379629629415
ENSG00000164111,ANXA5,ANXA5,2.9468619255829744
ENSG00000109971,HSPA8,HSPA8,2.9379552469136256
ENSG00000143158,MPC2,MPC2,2.935725094307255
ENSG00000131981,LGALS3,LGALS3,2.9352846364883343
ENSG00000136888,ATP6V1G1,ATP6V1G1,2.930833333333343
ENSG00000184752,NDUFA12,NDUFA12,2.9282233796296193
ENSG00000067560,RHOA,RHOA,2.926260073731144
ENSG00000100300,TSPO,TSPO,2.920827974965701
ENSG00000100450,GZMH,GZMH,2.9204678926611796
ENSG00000232112,TMA7,TMA7,2.9136554783951016
ENSG00000149357,LAMTOR1,LAMTOR1,2.91361111111111
ENSG00000158710,TAGLN2,TAGLN2,2.9011726251714487
ENSG00000075415,SLC25A3,SLC25A3,2.8907816786693847
ENSG00000147684,NDUFB9,NDUFB9,2.873857810356633
ENSG00000198786,MT-ND5,MT-ND5,2.868482295953327
ENSG00000174886,NDUFA11,NDUFA11,2.8648139574759757
ENSG00000125970,RALY,RALY,2.862057398834005
ENSG00000137441,FGFBP2,FGFBP2,2.8167333247599453
ENSG00000120742,SERP1,SERP1,2.8100460819615694
ENSG00000132341,RAN,RAN,2.809074074074073
ENSG00000240065,PSMB9,PSMB9,2.7899946416323727
ENSG00000188612,SUMO2,SUMO2,2.7826123113854537
ENSG00000173660,UQCRH,UQCRH,2.766473765432088
ENSG00000148908,RGS10,RGS10,2.7578180727023214
ENSG00000130731,C16orf13,C16orf13,2.746479552469134
ENSG00000182054,IDH2,IDH2,2.7442352537722803
ENSG00000205246,RPSAP58,RPSAP58,2.7429610339506643
ENSG00000241837,ATP5O,ATP5O,2.730671296296276
ENSG00000170296,GABARAP,GABARAP,2.72384066358024
ENSG00000100911,PSME2,PSME2,2.715366941015091
ENSG00000124172,ATP5E,ATP5E,2.7146499914266724
ENSG00000112335,SNX3,SNX3,2.7002209790809224
ENSG00000214046,SMIM7,SMIM7,2.6994425154320822
ENSG00000149932,TMEM219,TMEM219,2.670918209876523
ENSG00000171159,C9orf16,C9orf16,2.6631925154320886
ENSG00000179144,GIMAP7,GIMAP7,2.6532388117283876
ENSG00000196683,TOMM7,TOMM7,2.6277434842250242
ENSG00000163634,THOC7,THOC7,2.603021262002718
ENSG00000148834,GSTO1,GSTO1,2.5953221450617265
ENSG00000178741,COX5A,COX5A,2.568607681755825
ENSG00000127184,COX7C,COX7C,2.5606890860768425
ENSG00000117410,ATP6V0B,ATP6V0B,2.5594733796296123
ENSG00000087302,C14orf166,C14orf166,2.5428238597393515
ENSG00000089248,ERP29,ERP29,2.526233710562376
ENSG00000146066,HIGD2A,HIGD2A,2.5224965706446993
ENSG00000136003,ISCU,ISCU,2.5209702932098694
ENSG00000173762,CD7,CD7,2.5207681755829903
ENSG00000164032,H2AFZ,H2AFZ,2.510492969821654
ENSG00000143761,ARF1,ARF1,2.4964120370370244
ENSG00000169564,PCBP1,PCBP1,2.4920567558298767
ENSG00000189159,HN1,HN1,2.472204861111118
ENSG00000131236,CAP1,CAP1,2.451491555212581
ENSG00000125877,ITPA,ITPA,2.433140432098755
ENSG00000116478,HDAC1,HDAC1,2.426436899862807
ENSG00000131508,UBE2D2,UBE2D2,2.4111719821673363
ENSG00000100353,EIF3D,EIF3D,2.4099363425925575
ENSG00000143933,CALM2,CALM2,2.4092418981481356
ENSG00000180817,PPA1,PPA1,2.38993055555555
ENSG00000239713,APOBEC3G,APOBEC3G,2.3861033950617285
ENSG00000167552,TUBA1A,TUBA1A,2.370253772290794
ENSG00000034713,GABARAPL2,GABARAPL2,2.3662326388888815
ENSG00000254505,CHMP4A,CHMP4A,2.355786822702308
ENSG00000142546,NOSIP,NOSIP,2.348263888888874
ENSG00000139644,TMBIM6,TMBIM6,2.34452589163235
ENSG00000127528,KLF2,KLF2,2.341967592592588
ENSG00000115165,CYTIP,CYTIP,2.337057398834002
ENSG00000175567,UCP2,UCP2,2.3201369598765247
ENSG00000096384,HSP90AB1,HSP90AB1,2.3172145061728013
ENSG00000160255,ITGB2,ITGB2,2.3097728052126003
ENSG00000183726,TMEM50A,TMEM50A,2.293979552469126
ENSG00000167004,PDIA3,PDIA3,2.2795934070644446
ENSG00000188186,LAMTOR4,LAMTOR4,2.2790721450617024
ENSG00000100664,EIF5,EIF5,2.2713983196158902
ENSG00000163931,TKT,TKT,2.2675848765431983
ENSG00000167468,GPX4,GPX4,2.265723379629608
ENSG00000143549,TPM3,TPM3,2.264171596364864
ENSG00000204435,CSNK2B,CSNK2B,2.2635108024691
ENSG00000150316,CWC15,CWC15,2.2571277006172656
ENSG00000086061,DNAJA1,DNAJA1,2.255895061728388
ENSG00000124942,AHNAK,AHNAK,2.2548148148147917
ENSG00000166337,TAF10,TAF10,2.254706575788749
ENSG00000002586,CD99,CD99,2.241630444101473
ENSG00000167863,ATP5H,ATP5H,2.220624142661158
ENSG00000135940,COX5B,COX5B,2.2126541066529284
ENSG00000127540,UQCR11,UQCR11,2.2036932013031287
ENSG00000063854,HAGH,HAGH,2.200231267146764
ENSG00000126264,HCST,HCST,2.197297453703696
ENSG00000126759,CFP,CFP,2.1937722908093265
ENSG00000026297,RNASET2,RNASET2,2.1929164523319398
ENSG00000116171,SCP2,SCP2,2.1910459533607556
ENSG00000205581,HMGN1,HMGN1,2.179037851508903
ENSG00000123144,C19orf43,C19orf43,2.1655501971879048
ENSG00000165678,GHITM,GHITM,2.1642127486282607
ENSG00000135441,BLOC1S1,BLOC1S1,2.162528935185168
ENSG00000113558,SKP1,SKP1,2.142942172496515
ENSG00000125148,MT2A,MT2A,2.122520361796968
ENSG00000099860,GADD45B,GADD45B,2.1203907321673428
ENSG00000118705,RPN2,RPN2,2.114495670438933
ENSG00000143119,CD53,CD53,2.100277777777757
ENSG00000184990,SIVA1,SIVA1,2.0996056241426535
ENSG00000108622,ICAM2,ICAM2,2.086334019204377
ENSG00000143727,ACP1,ACP1,2.0816863854595193
ENSG00000143774,GUK1,GUK1,2.071704389574756
ENSG00000102524,TNFSF13B,TNFSF13B,2.053886959876546
ENSG00000149781,FERMT3,FERMT3,2.041457475994516
ENSG00000100216,TOMM22,TOMM22,2.0407611025376995
ENSG00000130165,ELOF1,ELOF1,2.0311674811385365
ENSG00000110958,PTGES3,PTGES3,2.0203701560356677
ENSG00000135404,CD63,CD63,2.0158777006172617
ENSG00000113088,GZMK,GZMK,2.0157784636488305
ENSG00000066336,SPI1,SPI1,2.012031678669398
ENSG00000160799,CCDC12,CCDC12,2.006481481481476
ENSG00000196544,C17orf59,C17orf59,2.0041358024691345
ENSG00000225921,NOL7,NOL7,2.002794924554165
ENSG00000134248,LAMTOR5,LAMTOR5,1.9974999999999876
ENSG00000166848,TERF2IP,TERF2IP,1.9953155006858636
ENSG00000173221,GLRX,GLRX,1.9922625171467834
ENSG00000196405,EVL,EVL,1.973362268518501
ENSG00000102804,TSC22D1,TSC22D1,1.9718441358024663
ENSG00000198189,HSD17B11,HSD17B11,1.965120027434832
ENSG00000175390,EIF3F,EIF3F,1.9649691358024755
ENSG00000088986,DYNLL1,DYNLL1,1.9588989626200028
ENSG00000196498,NCOR2,NCOR2,1.9516613082990397
ENSG00000126756,UXT,UXT,1.948214806241403
ENSG00000140612,SEC11A,SEC11A,1.9458427640603442
ENSG00000088832,FKBP1A,FKBP1A,1.9456273576817291
ENSG00000130303,BST2,BST2,1.9420747599450916
ENSG00000110848,CD69,CD69,1.9420351080246858
ENSG00000111832,RWDD1,RWDD1,1.9400377229080747
ENSG00000087191,PSMC5,PSMC5,1.9355347650891381
ENSG00000166295,ANAPC16,ANAPC16,1.934189814814804
ENSG00000093144,ECHDC1,ECHDC1,1.9295601851851747
ENSG00000100612,DHRS7,DHRS7,1.9245876200274206
ENSG00000177733,HNRNPA0,HNRNPA0,1.9165584276405667
ENSG00000115310,RTN4,RTN4,1.9140327074759675
ENSG00000142168,SOD1,SOD1,1.9100274348422341
ENSG00000196954,CASP4,CASP4,1.9060011574073852
ENSG00000119414,PPP6C,PPP6C,1.9057784636488269
ENSG00000157916,RER1,RER1,1.8847728052125887
ENSG00000143771,CNIH4,CNIH4,1.875677083333323
ENSG00000067829,IDH3G,IDH3G,1.8736591220850305
ENSG00000166595,FAM96B,FAM96B,1.8676534636488185
ENSG00000100138,NHP2L1,NHP2L1,1.8645573988339952
ENSG00000104979,C19orf53,C19orf53,1.8621527777777813
ENSG00000131475,VPS25,VPS25,1.8605315500685804
ENSG00000169919,GUSB,GUSB,1.8595831189986205
ENSG00000242485,MRPL20,MRPL20,1.85842249657062
ENSG00000111639,MRPL51,MRPL51,1.856741898148123
ENSG00000115234,SNX17,SNX17,1.8529492455418277
ENSG00000021355,SERPINB1,SERPINB1,1.8503495799039664
ENSG00000216490,IFI30,IFI30,1.8492378257887419
ENSG00000165525,NEMF,NEMF,1.8447496570644724
ENSG00000137161,CNPY3,CNPY3,1.8429524605623953
ENSG00000096746,HNRNPH3,HNRNPH3,1.831015089163243
ENSG00000182287,AP1S2,AP1S2,1.8283159722222118
ENSG00000065427,KARS,KARS,1.8270008144718635
ENSG00000124831,LRRFIP1,LRRFIP1,1.8248070987654252
ENSG00000183172,SMDT1,SMDT1,1.824115012002716
ENSG00000120265,PCMT1,PCMT1,1.8236488340191983
ENSG00000114125,RNF7,RNF7,1.8177415552125946
ENSG00000132424,PNISR,PNISR,1.8135108024691085
ENSG00000129226,CD68,CD68,1.8134771519204342
ENSG00000147123,NDUFB11,NDUFB11,1.8109533607681447
ENSG00000003756,RBM5,RBM5,1.8103703703703653
ENSG00000030582,GRN,GRN,1.8101832561728248
ENSG00000105254,TBCB,TBCB,1.803085562414249
ENSG00000198821,CD247,CD247,1.800951431755838
ENSG00000149100,EIF3M,EIF3M,1.7931067815500374
ENSG00000072818,ACAP1,ACAP1,1.7885665294924358
ENSG00000072401,UBE2D1,UBE2D1,1.788476508916319
ENSG00000142507,PSMB6,PSMB6,1.7873834019204133
ENSG00000146109,ABT1,ABT1,1.7842283950617146
ENSG00000131507,NDFIP1,NDFIP1,1.782448345336076
ENSG00000103266,STUB1,STUB1,1.7822014317558066
ENSG00000125991,ERGIC3,ERGIC3,1.7776386745541546
ENSG00000137210,TMEM14B,TMEM14B,1.7767436128257703
ENSG00000158825,CDA,CDA,1.775401020233177
ENSG00000165527,ARF6,ARF6,1.7730932784636269
ENSG00000168894,RNF181,RNF181,1.7726335305212586
ENSG00000196230,TUBB,TUBB,1.767720979080916
ENSG00000026508,CD44,CD44,1.7652261231138104
ENSG00000100351,GRAP2,GRAP2,1.7553993055555406
ENSG00000067225,PKM,PKM,1.752653463648815
ENSG00000196776,CD47,CD47,1.7515217764060182
ENSG00000005955,GGNBP2,GGNBP2,1.7506925154320863
ENSG00000112576,CCND3,CCND3,1.7454884687928458
ENSG00000005059,CCDC109B,CCDC109B,1.7433950617283929
ENSG00000106803,SEC61B,SEC61B,1.7389266117969677
ENSG00000116701,NCF2,NCF2,1.7346277006172772
ENSG00000125352,RNF113A,RNF113A,1.7345059585047953
ENSG00000141522,ARHGDIA,ARHGDIA,1.7298962620027156
ENSG00000106560,GIMAP2,GIMAP2,1.7248962620027275
ENSG00000090104,RGS1,RGS1,1.7188263031550006
ENSG00000110077,MS4A6A,MS4A6A,1.7183950617283872
ENSG00000054116,TRAPPC3,TRAPPC3,1.7159617198216595
ENSG00000138398,PPIG,PPIG,1.7130999228394987
ENSG00000130811,EIF3G,EIF3G,1.7111796982166956
ENSG00000164919,COX6C,COX6C,1.700694230109733
ENSG00000109861,CTSC,CTSC,1.7006172839505922
ENSG00000126267,COX6B1,COX6B1,1.698477151920402
ENSG00000116459,ATP5F1,ATP5F1,1.6974517746913325
ENSG00000106443,PHF14,PHF14,1.6865603566529344
ENSG00000104763,ASAH1,ASAH1,1.6820979080932519
ENSG00000166275,C10orf32,C10orf32,1.6777295524691276
ENSG00000144426,NBEAL1,NBEAL1,1.6772202932099007
ENSG00000189043,NDUFA4,NDUFA4,1.6769888117283775
ENSG00000166226,CCT2,CCT2,1.6719733796296286
ENSG00000081237,PTPRC,PTPRC,1.6638545953360402
ENSG00000185885,IFITM1,IFITM1,1.6632295953360607
ENSG00000163171,CDC42EP3,CDC42EP3,1.6625409379286777
ENSG00000151500,THYN1,THYN1,1.6490892918381168
ENSG00000214026,MRPL23,MRPL23,1.6383228309327558
ENSG00000141480,ARRB2,ARRB2,1.633976123113823
ENSG00000160221,C21orf33,C21orf33,1.6338468792866827
ENSG00000255302,EID1,EID1,1.6325255058298884
ENSG00000172183,ISG20,ISG20,1.6238888888888645
ENSG00000100632,ERH,ERH,1.6235802469135847
ENSG00000121691,CAT,CAT,1.623223379629625
ENSG00000175602,CCDC85B,CCDC85B,1.6231307870370233
ENSG00000115687,PASK,PASK,1.6192172496570583
ENSG00000108561,C1QBP,C1QBP,1.6137037037036657
ENSG00000188243,COMMD6,COMMD6,1.6117275377228875
ENSG00000101220,C20orf27,C20orf27,1.610492969821665
ENSG00000189067,LITAF,LITAF,1.6103772290809122
ENSG00000119801,YPEL5,YPEL5,1.607797496570632
ENSG00000155926,SLA,SLA,1.6075231481481445
ENSG00000107738,C10orf54,C10orf54,1.6067249657064195
ENSG00000220205,VAMP2,VAMP2,1.6037960819615658
ENSG00000156738,MS4A1,MS4A1,1.6016355881344255
ENSG00000168259,DNAJC7,DNAJC7,1.6014266117969786
ENSG00000116209,TMEM59,TMEM59,1.6006344307270362
ENSG00000182196,ARL6IP4,ARL6IP4,1.5930649862825623
ENSG00000115091,ACTR3,ACTR3,1.5885108024690882
ENSG00000138785,INTS12,INTS12,1.5806241426611776
ENSG00000112079,STK38,STK38,1.5796905006858697
ENSG00000116649,SRM,SRM,1.5782405264060246
ENSG00000057608,GDI2,GDI2,1.5772065757887288
ENSG00000168497,SDPR,SDPR,1.570362654320987
ENSG00000153551,CMTM7,CMTM7,1.568916323731124
ENSG00000126698,DNAJC8,DNAJC8,1.5674074074074011
ENSG00000154518,ATP5G3,ATP5G3,1.5654183813442806
ENSG00000162434,JAK1,JAK1,1.5615012002743345
ENSG00000128524,ATP6V1F,ATP6V1F,1.545648148148108
ENSG00000099977,DDT,DDT,1.5451592506858536
ENSG00000271614,LINC00936,LINC00936,1.5308564814814585
ENSG00000123131,PRDX4,PRDX4,1.5273146004801095
ENSG00000081870,HSPB11,HSPB11,1.5268509945130284
ENSG00000130313,PGLS,PGLS,1.5260011574073828
ENSG00000184900,SUMO3,SUMO3,1.5236091820987612
ENSG00000197448,GSTK1,GSTK1,1.5228703703703426
ENSG00000168899,VAMP5,VAMP5,1.5227537722907902
ENSG00000105401,CDC37,CDC37,1.5190481395747437
ENSG00000197111,PCBP2,PCBP2,1.5173996913580075
ENSG00000155307,SAMSN1,SAMSN1,1.5113406635802424
ENSG00000160613,PCSK7,PCSK7,1.5082098765431902
ENSG00000055044,NOP58,NOP58,1.5056582218792884
ENSG00000168958,MFF,MFF,1.504436728395047
ENSG00000178913,TAF7,TAF7,1.5019236539780396
ENSG00000099901,RANBP1,RANBP1,1.500437028463644
ENSG00000135930,EIF4E2,EIF4E2,1.4976369598765285
ENSG00000157538,DSCR3,DSCR3,1.4967069615912203
ENSG00000100519,PSMC6,PSMC6,1.4873148148148037
ENSG00000076944,STXBP2,STXBP2,1.486711033950608
ENSG00000156171,DRAM2,DRAM2,1.4823653978052045
ENSG00000104870,FCGRT,FCGRT,1.4816452331961596
ENSG00000101558,VAPA,VAPA,1.4800152177640504
ENSG00000101457,DNTTIP1,DNTTIP1,1.477403978052125
ENSG00000145779,TNFAIP8,TNFAIP8,1.47411179698216
ENSG00000165272,AQP3,AQP3,1.4719802383401706
ENSG00000241553,ARPC4,ARPC4,1.4713571673525367
ENSG00000000938,FGR,FGR,1.469056712962937
ENSG00000213523,SRA1,SRA1,1.4670773319615749
ENSG00000076053,RBM7,RBM7,1.4668036265432052
ENSG00000105669,COPE,COPE,1.4658176868998183
ENSG00000105329,TGFB1,TGFB1,1.4538057270232982
ENSG00000122986,HVCN1,HVCN1,1.4526543209876472
ENSG00000117632,STMN1,STMN1,1.4512002743484171
ENSG00000127314,RAP1B,RAP1B,1.4492584019204195
ENSG00000136521,NDUFB5,NDUFB5,1.4491458762002516
ENSG00000113575,PPP2CA,PPP2CA,1.4470156035665238
ENSG00000239900,ADSL,ADSL,1.4449922839506155
ENSG00000128951,DUT,DUT,1.4436342592592442
ENSG00000160714,UBE2Q1,UBE2Q1,1.441872213648834
ENSG00000068831,RASGRP2,RASGRP2,1.4416589506172772
ENSG00000103275,UBE2I,UBE2I,1.4407887517146425
ENSG00000204397,CARD16,CARD16,1.4329552469135658
ENSG00000120656,TAF12,TAF12,1.4319185099451202
ENSG00000229809,ZNF688,ZNF688,1.4299792095335984
ENSG00000197540,GZMM,GZMM,1.4264401148833878
ENSG00000205352,PRR13,PRR13,1.4258564814814654
ENSG00000105058,FAM32A,FAM32A,1.4250152177640423
ENSG00000269821,KCNQ1OT1,KCNQ1OT1,1.4236091820987649
ENSG00000171051,FPR1,FPR1,1.4234559327846261
ENSG00000128383,APOBEC3A,APOBEC3A,1.4232851080246876
ENSG00000160213,CSTB,CSTB,1.4206755829903828
ENSG00000172005,MAL,MAL,1.4203626543209713
ENSG00000153310,FAM49B,FAM49B,1.4200197187928638
ENSG00000182944,EWSR1,EWSR1,1.419413365912213
ENSG00000147669,POLR2K,POLR2K,1.418325617283949
ENSG00000116288,PARK7,PARK7,1.4158777006172518
ENSG00000213689,TREX1,TREX1,1.4148070987654229
ENSG00000134375,TIMM17A,TIMM17A,1.41345593278463
ENSG00000143256,PFDN2,PFDN2,1.412770061728388
ENSG00000136167,LCP1,LCP1,1.412297453703675
ENSG00000148362,C9orf142,C9orf142,1.4100769461591132
ENSG00000185787,MORF4L1,MORF4L1,1.4087654320987468
ENSG00000112514,CUTA,CUTA,1.406583504801088
ENSG00000204138,PHACTR4,PHACTR4,1.4025685871056188
ENSG00000129625,REEP5,REEP5,1.399056712962933
ENSG00000123106,CCDC91,CCDC91,1.3989092506858563
ENSG00000005810,MYCBP2,MYCBP2,1.3964915552126163
ENSG00000128891,C15orf57,C15orf57,1.3962189214677634
ENSG00000105829,BET1,BET1,1.3926678240740695
ENSG00000185650,ZFP36L1,ZFP36L1,1.391871570644706
ENSG00000141552,ANAPC11,ANAPC11,1.3918207733195969
ENSG00000180879,SSR4,SSR4,1.3915089163236893
ENSG00000138639,ARHGAP24,ARHGAP24,1.388970336076813
ENSG00000137965,IFI44,IFI44,1.388661694101493
ENSG00000171222,SCAND1,SCAND1,1.3877141203703753
ENSG00000020426,MNAT1,MNAT1,1.3859662208504793
ENSG00000117614,SYF2,SYF2,1.3849792095335807
ENSG00000100532,CGRRF1,CGRRF1,1.3844648062414249
ENSG00000178927,C17orf62,C17orf62,1.382136488340186
ENSG00000120533,ENY2,ENY2,1.3803238597393384
ENSG00000160948,VPS28,VPS28,1.3799305555555341
ENSG00000170571,EMB,EMB,1.3795233196159147
ENSG00000168288,MMADHC,MMADHC,1.3776832561728238
ENSG00000171700,RGS19,RGS19,1.3776643947187723
ENSG00000125743,SNRPD2,SNRPD2,1.3767069615911844
ENSG00000166681,NGFRAP1,NGFRAP1,1.376131472908081
ENSG00000129534,MIS18BP1,MIS18BP1,1.3751369598765408
ENSG00000135624,CCT7,CCT7,1.3708314043209784
ENSG00000008018,PSMB1,PSMB1,1.3695953360767823
ENSG00000165434,PGM2L1,PGM2L1,1.3694821673525377
ENSG00000168438,CDC40,CDC40,1.3681678669410047
ENSG00000114735,HEMK1,HEMK1,1.366201774691355
ENSG00000111775,COX6A1,COX6A1,1.3652229080932456
ENSG00000137100,DCTN3,DCTN3,1.363888674554156
ENSG00000102007,PLP2,PLP2,1.3612131344307197
ENSG00000087274,ADD1,ADD1,1.3585388803155
ENSG00000197299,BLM,BLM,1.3576541066529482
ENSG00000068079,IFI35,IFI35,1.3527466992455168
ENSG00000164167,LSM6,LSM6,1.3523996913580234
ENSG00000165629,ATP5C1,ATP5C1,1.3498711848422278
ENSG00000141428,C18orf21,C18orf21,1.347684970850474
ENSG00000179632,MAF1,MAF1,1.3455536265431869
ENSG00000213203,GIMAP1,GIMAP1,1.3428592249656803
ENSG00000129559,NEDD8,NEDD8,1.3408916323730913
ENSG00000171490,RSL1D1,RSL1D1,1.339658564814796
ENSG00000198898,CAPZA2,CAPZA2,1.3365892918381275
ENSG00000146425,DYNLT1,DYNLT1,1.334598765432071
ENSG00000128789,PSMG2,PSMG2,1.3345027434842347
ENSG00000168653,NDUFS5,NDUFS5,1.3336411179697987
ENSG00000100997,ABHD12,ABHD12,1.3321911436899845
ENSG00000127824,TUBA4A,TUBA4A,1.3243749999999808
ENSG00000069849,ATP1B3,ATP1B3,1.3194956704389382
ENSG00000170185,USP38,USP38,1.3192378257887496
ENSG00000023318,ERP44,ERP44,1.3153958762002622
ENSG00000065809,FAM107B,FAM107B,1.312683256172832
ENSG00000138433,CIR1,CIR1,1.3118036265432047
ENSG00000059804,SLC2A3,SLC2A3,1.309564471879259
ENSG00000137959,IFI44L,IFI44L,1.3086400462962728
ENSG00000143384,MCL1,MCL1,1.3048437499999777
ENSG00000076043,REXO2,REXO2,1.3030006858710548
ENSG00000233016,SNHG7,SNHG7,1.2950100737311354
ENSG00000110934,BIN2,BIN2,1.294402434842226
ENSG00000077097,TOP2B,TOP2B,1.2906462191357992
ENSG00000144591,GMPPA,GMPPA,1.288338263031548
ENSG00000103363,TCEB2,TCEB2,1.2883024691357667
ENSG00000159352,PSMD4,PSMD4,1.2878052126200115
ENSG00000105518,TMEM205,TMEM205,1.283628257887509
ENSG00000130522,JUND,JUND,1.282294024348405
ENSG00000005882,PDK2,PDK2,1.281172839506173
ENSG00000147274,RBMX,RBMX,1.279770233196164
ENSG00000158417,EIF5B,EIF5B,1.2791956018518515
ENSG00000165283,STOML2,STOML2,1.278470293209869
ENSG00000231925,TAPBP,TAPBP,1.2774142661179488
ENSG00000213145,CRIP1,CRIP1,1.2741921724965584
ENSG00000108829,LRRC59,LRRC59,1.2719425154320885
ENSG00000168229,PTGDR,PTGDR,1.2681222136488275
ENSG00000171476,HOPX,HOPX,1.2611829132373016
ENSG00000187699,C2orf88,C2orf88,1.2588715277777776
ENSG00000165898,ISCA2,ISCA2,1.2571585648148142
ENSG00000176396,EID2,EID2,1.2569648062414263
ENSG00000140105,WARS,WARS,1.255603566529483
ENSG00000177981,ASB8,ASB8,1.2551592506858718
ENSG00000151532,VTI1A,VTI1A,1.2537722908093265
ENSG00000145337,PYURF,PYURF,1.2537292095335832
ENSG00000136938,ANP32B,ANP32B,1.2530787037036673
ENSG00000126749,EMG1,EMG1,1.252772419410138
ENSG00000182117,NOP10,NOP10,1.2512806498628257
ENSG00000169223,LMAN2,LMAN2,1.2504456018518386
ENSG00000196268,ZNF493,ZNF493,1.246501843278462
ENSG00000166501,PRKCB,PRKCB,1.2456427897805094
ENSG00000100219,XBP1,XBP1,1.2408813443072515
ENSG00000110696,C11orf58,C11orf58,1.2392352537722853
ENSG00000185862,EVI2B,EVI2B,1.2350608710562319
ENSG00000100129,EIF3L,EIF3L,1.2322425840191715
ENSG00000117419,ERI3,ERI3,1.2288674554183707
ENSG00000118363,SPCS2,SPCS2,1.2269270833333277
ENSG00000221869,CEBPD,CEBPD,1.2263340192043861
ENSG00000159176,CSRP1,CSRP1,1.2255381944444443
ENSG00000028839,TBPL1,TBPL1,1.2249305555555503
ENSG00000064666,CNN2,CNN2,1.2222220078874997
ENSG00000126432,PRDX5,PRDX5,1.2184565757887207
ENSG00000127951,FGL2,FGL2,1.2183118998628177
ENSG00000140299,BNIP2,BNIP2,1.2173996913580167
ENSG00000178980,SEPW1,SEPW1,1.2161554783950348
ENSG00000179262,RAD23A,RAD23A,1.2148070987654047
ENSG00000150459,SAP18,SAP18,1.2100820901920166
ENSG00000150977,RILPL2,RILPL2,1.2047837362825686
ENSG00000170445,HARS,HARS,1.2019888117283823
ENSG00000108798,ABI3,ABI3,1.2007353823731182
ENSG00000100603,SNW1,SNW1,1.197914737654319
ENSG00000154473,BUB3,BUB3,1.1972991683813237
ENSG00000139597,N4BP2L1,N4BP2L1,1.1957816786693998
ENSG00000204237,OXLD1,OXLD1,1.1933813443072705
ENSG00000165119,HNRNPK,HNRNPK,1.1932090192043554
ENSG00000213928,IRF9,IRF9,1.1922837362825638
ENSG00000099817,POLR2E,POLR2E,1.191280649862808
ENSG00000076108,BAZ2A,BAZ2A,1.1903669410150874
ENSG00000141504,SAT2,SAT2,1.1900197187928665
ENSG00000133313,CNDP2,CNDP2,1.18938185871056
ENSG00000125740,FOSB,FOSB,1.1893209876542894
ENSG00000152082,MZT2B,MZT2B,1.1879833247599285
ENSG00000119048,UBE2B,UBE2B,1.1873379629629466
ENSG00000135829,DHX9,DHX9,1.1853489368998527
ENSG00000186854,TRABD2A,TRABD2A,1.1795130315500608
ENSG00000155366,RHOC,RHOC,1.1794956704389568
ENSG00000172354,GNB2,GNB2,1.1790732167352365
ENSG00000125863,MKKS,MKKS,1.1787028463648799
ENSG00000175155,YPEL2,YPEL2,1.1772322959533588
ENSG00000116044,NFE2L2,NFE2L2,1.1769513031550027
ENSG00000136104,RNASEH2B,RNASEH2B,1.1751157407407216
ENSG00000138430,OLA1,OLA1,1.1740046296296134
ENSG00000114956,DGUOK,DGUOK,1.1735048010973703
ENSG00000173933,RBM4,RBM4,1.1717847650891564
ENSG00000197312,DDI2,DDI2,1.1704215963648819
ENSG00000228474,OST4,OST4,1.1661514060356186
ENSG00000111361,EIF2B1,EIF2B1,1.164303626543204
ENSG00000116741,RGS2,RGS2,1.1629080932784606
ENSG00000170043,TRAPPC1,TRAPPC1,1.1597202932098623
ENSG00000122557,HERPUD2,HERPUD2,1.1592515432098678
ENSG00000123595,RAB9A,RAB9A,1.1578684413580205
ENSG00000138744,NAAA,NAAA,1.1527563443072582
ENSG00000148444,COMMD3,COMMD3,1.1526543209876479
ENSG00000163950,SLBP,SLBP,1.1522839506172726
ENSG00000115944,COX7A2L,COX7A2L,1.1506925154320669
ENSG00000204261,TAPSAR1,TAPSAR1,1.1461796982167314
ENSG00000186654,PRR5,PRR5,1.1453684413580159
ENSG00000176340,COX8A,COX8A,1.1443792866940805
ENSG00000173272,MZT2A,MZT2A,1.1433794152949088
ENSG00000186010,NDUFA13,NDUFA13,1.1422048611110798
ENSG00000213190,MLLT11,MLLT11,1.1421551354595312
ENSG00000196352,CD55,CD55,1.1417436128257812
ENSG00000180353,HCLS1,HCLS1,1.1396913580246917
ENSG00000115758,ODC1,ODC1,1.1387654320987621
ENSG00000148290,SURF1,SURF1,1.138510802469126
ENSG00000196924,FLNA,FLNA,1.1366407321673468
ENSG00000114021,NIT2,NIT2,1.1364452589163145
ENSG00000111679,PTPN6,PTPN6,1.1362480709876452
ENSG00000174231,PRPF8,PRPF8,1.133679698216734
ENSG00000185745,IFIT1,IFIT1,1.1330913494513004
ENSG00000198258,UBL5,UBL5,1.1318792866940812
ENSG00000156795,WDYHV1,WDYHV1,1.1298216735253745
ENSG00000111843,TMEM14C,TMEM14C,1.1281462191357854
ENSG00000143420,ENSA,ENSA,1.1260768175582803
ENSG00000159840,ZYX,ZYX,1.1254627486282427
ENSG00000147443,DOK2,DOK2,1.1220370370370283
ENSG00000166405,RIC3,RIC3,1.1168876457475994
ENSG00000161547,SRSF2,SRSF2,1.116229209533587
ENSG00000116473,RAP1A,RAP1A,1.114295053155001
ENSG00000197536,C5orf56,C5orf56,1.1141760973936778
ENSG00000089737,DDX24,DDX24,1.1129286694101463
ENSG00000129055,ANAPC13,ANAPC13,1.1109259259259257
ENSG00000067064,IDI1,IDI1,1.1105964934842232
ENSG00000113328,CCNG1,CCNG1,1.1086160408093169
ENSG00000255112,CHMP1B,CHMP1B,1.106344307270223
ENSG00000109920,FNBP4,FNBP4,1.1047933813443032
ENSG00000111786,SRSF9,SRSF9,1.1038031550068372
ENSG00000130414,NDUFA10,NDUFA10,1.098163365912202
ENSG00000122033,MTIF3,MTIF3,1.0979552469135705
ENSG00000117616,C1orf63,C1orf63,1.0976541066529448
ENSG00000111644,ACRBP,ACRBP,1.0969307270233193
ENSG00000134153,EMC7,EMC7,1.0953626543209853
ENSG00000197006,METTL9,METTL9,1.0948128858024753
ENSG00000204642,HLA-F,HLA-F,1.0932611025377235
ENSG00000160593,AMICA1,AMICA1,1.0923731138545882
ENSG00000166133,RPUSD2,RPUSD2,1.0916184413580234
ENSG00000153827,TRIP12,TRIP12,1.0908691272290805
ENSG00000125910,S1PR4,S1PR4,1.0901215277777634
ENSG00000110955,ATP5B,ATP5B,1.0888715277777639
ENSG00000175193,PARL,PARL,1.084873113854588
ENSG00000166797,FAM96A,FAM96A,1.0835628858024597
ENSG00000108010,GLRX3,GLRX3,1.0827055469821656
ENSG00000105393,BABAM1,BABAM1,1.0826740397805201
ENSG00000130304,SLC27A1,SLC27A1,1.0797477280521262
ENSG00000109065,NAT9,NAT9,1.077592378257884
ENSG00000104856,RELB,RELB,1.0771913580246864
ENSG00000165175,MID1IP1,MID1IP1,1.0737600737311308
ENSG00000110852,CLEC2B,CLEC2B,1.0721277006172782
ENSG00000197405,C5AR1,C5AR1,1.066795053155003
ENSG00000170144,HNRNPA3,HNRNPA3,1.0657816786694052
ENSG00000100721,TCL1A,TCL1A,1.0655315500685871
ENSG00000102172,SMS,SMS,1.0652126200274261
ENSG00000181610,MRPS23,MRPS23,1.0651832561728316
ENSG00000213246,SUPT4H1,SUPT4H1,1.0640937928669438
ENSG00000196642,RABL6,RABL6,1.063579389574756
ENSG00000131238,PPT1,PPT1,1.0633401920438994
ENSG00000105618,PRPF31,PRPF31,1.062469135802461
ENSG00000117228,GBP1,GBP1,1.0614806241426595
ENSG00000096060,FKBP5,FKBP5,1.061274862825782
ENSG00000152291,TGOLN2,TGOLN2,1.0604147376543178
ENSG00000137752,CASP1,CASP1,1.056272290809323
ENSG00000164758,MED30,MED30,1.056162337105617
ENSG00000173486,FKBP2,FKBP2,1.055500685871051
ENSG00000165609,NUDT5,NUDT5,1.0539266117969814
ENSG00000123353,ORMDL2,ORMDL2,1.0497580161179652
ENSG00000121680,PEX16,PEX16,1.0481404320987642
ENSG00000084070,SMAP2,SMAP2,1.048053626543206
ENSG00000182108,DEXI,DEXI,1.0477518432784598
ENSG00000225973,RP11-139H15.1,RP11-139H15.1,1.0474483453360717
ENSG00000087074,PPP1R15A,PPP1R15A,1.0437960819615837
ENSG00000181191,PJA1,PJA1,1.0430536265432082
ENSG00000134882,UBAC2,UBAC2,1.0403463648834
ENSG00000023191,RNH1,RNH1,1.039017275377234
ENSG00000101882,NKAP,NKAP,1.0387034893689986
ENSG00000146457,WTAP,WTAP,1.035553626543214
ENSG00000161203,AP2M1,AP2M1,1.0350906635802404
ENSG00000124383,MPHOSPH10,MPHOSPH10,1.035081447187927
ENSG00000106588,PSMA2,PSMA2,1.034907407407414
ENSG00000119812,FAM98A,FAM98A,1.03401148834019
ENSG00000163964,PIGX,PIGX,1.0333742712619978
ENSG00000136271,DDX56,DDX56,1.0293036265432054
ENSG00000147649,MTDH,MTDH,1.0252981395747525
ENSG00000182208,MOB2,MOB2,1.0239178240740723
ENSG00000058729,RIOK2,RIOK2,1.023883530521261
ENSG00000092199,HNRNPC,HNRNPC,1.022288880315497
ENSG00000108270,AATF,AATF,1.0168304183813504
ENSG00000267100,ILF3-AS1,ILF3-AS1,1.0153547239368947
ENSG00000100380,ST13,ST13,1.0142584019204366
ENSG00000076662,ICAM3,ICAM3,1.0089504029492316
ENSG00000109180,OCIAD1,OCIAD1,1.008796296296289
ENSG00000179820,MYADM,MYADM,1.006892789780519
ENSG00000139187,KLRG1,KLRG1,1.006146905006859
ENSG00000122644,ARL4A,ARL4A,1.0052672753772318
ENSG00000179639,FCER1A,FCER1A,1.0049691358024697
ENSG00000078596,ITM2A,ITM2A,1.0049168381344324
ENSG00000136527,TRA2B,TRA2B,1.0043722136488236
ENSG00000099800,TIMM13,TIMM13,1.0042127486282526
ENSG00000170458,CD14,CD14,1.0038526663237315
ENSG00000114850,SSR3,SSR3,1.0036342592592544
ENSG00000168036,CTNNB1,CTNNB1,1.0030444101508913
ENSG00000084072,PPIE,PPIE,1.002118484224962
ENSG00000186501,TMEM222,TMEM222,1.0018441358024701
ENSG00000169689,STRA13,STRA13,1.0014737654321013
ENSG00000173821,RNF213,RNF213,1.0006781550068564
ENSG00000142634,EFHD2,EFHD2,0.9994641632373097
ENSG00000090238,YPEL3,YPEL3,0.9985937499999977
ENSG00000163041,H3F3A,H3F3A,0.9977357681755779
ENSG00000146859,TMEM140,TMEM140,0.997005958504803
ENSG00000121774,KHDRBS1,KHDRBS1,0.9968441358024643
ENSG00000229117,RPL41,RPL41,0.9968441358024354
ENSG00000172340,SUCLG2,SUCLG2,0.9943499228395043
ENSG00000114902,SPCS1,SPCS1,0.9930381944444352
ENSG00000179526,SHARPIN,SHARPIN,0.9930073302469179
ENSG00000168701,TMEM208,TMEM208,0.9928875171467781
ENSG00000164346,NSA2,NSA2,0.9926849708504748
ENSG00000175482,POLD4,POLD4,0.991663237311381
ENSG00000148288,GBGT1,GBGT1,0.9905555555555559
ENSG00000166002,SMCO4,SMCO4,0.9900357938957494
ENSG00000170909,OSCAR,OSCAR,0.9891555212620037
ENSG00000164733,CTSB,CTSB,0.9884945130315543
ENSG00000215712,TMEM242,TMEM242,0.9868098422496605
ENSG00000166927,MS4A7,MS4A7,0.9847187928669445
ENSG00000167186,COQ7,COQ7,0.9811726251714705
ENSG00000074201,CLNS1A,CLNS1A,0.9803444358710527
ENSG00000211450,C11orf31,C11orf31,0.9794367283950451
ENSG00000136950,ARPC5L,ARPC5L,0.9784720078875156
ENSG00000121064,SCPEP1,SCPEP1,0.9747933813443096
ENSG00000128609,NDUFA5,NDUFA5,0.9745747599451297
ENSG00000104325,DECR1,DECR1,0.9742881944444515
ENSG00000215788,TNFRSF25,TNFRSF25,0.972654320987658
ENSG00000103018,CYB5B,CYB5B,0.9724517746913639
ENSG00000151502,VPS26B,VPS26B,0.9709224965706454
ENSG00000128272,ATF4,ATF4,0.9653463648833974
ENSG00000115286,NDUFS7,NDUFS7,0.9647202932098726
ENSG00000162654,GBP4,GBP4,0.9541358024691391
ENSG00000120438,TCP1,TCP1,0.9529215963648876
ENSG00000070831,CDC42,CDC42,0.9526643947187978
ENSG00000106605,BLVRA,BLVRA,0.9521585648148236
ENSG00000067182,TNFRSF1A,TNFRSF1A,0.9513269461591245
ENSG00000102103,PQBP1,PQBP1,0.9506462191358122
ENSG00000169599,NFU1,NFU1,0.9498962620027487
ENSG00000177410,ZFAS1,ZFAS1,0.9495061728394828
ENSG00000117500,TMED5,TMED5,0.949134945130319
ENSG00000160602,NEK8,NEK8,0.9485165895061733
ENSG00000163832,ELP6,ELP6,0.9466358024691397
ENSG00000169429,IL8,IL8,0.9459019204389583
ENSG00000028277,POU2F2,POU2F2,0.9455073302469235
ENSG00000170430,MGMT,MGMT,0.940362654320996
ENSG00000158050,DUSP2,DUSP2,0.9390721450617319
ENSG00000122085,MTERFD2,MTERFD2,0.9387722908093302
ENSG00000136867,SLC31A2,SLC31A2,0.9343612825788778
ENSG00000151366,NDUFC2,NDUFC2,0.9337943672839564
ENSG00000165704,HPRT1,HPRT1,0.9329826817558368
ENSG00000010671,BTK,BTK,0.9322511574074089
ENSG00000107745,MICU1,MICU1,0.9311728395061741
ENSG00000113387,SUB1,SUB1,0.9304492455418416
ENSG00000128829,EIF2AK4,EIF2AK4,0.9301335305212627
ENSG00000172349,IL16,IL16,0.9296962877229105
ENSG00000136286,MYO1G,MYO1G,0.9295213906035728
ENSG00000249915,PDCD6,PDCD6,0.9294444444444394
ENSG00000139626,ITGB7,ITGB7,0.9266589506172942
ENSG00000188820,FAM26F,FAM26F,0.9263115140603578
ENSG00000138750,NUP54,NUP54,0.9254627486282593
ENSG00000198624,CCDC69,CCDC69,0.924722222222225
ENSG00000083099,LYRM2,LYRM2,0.923743998628262
ENSG00000147168,IL2RG,IL2RG,0.92314043209876
ENSG00000163754,GYG1,GYG1,0.9217881944444507
ENSG00000168175,MAPK1IP1L,MAPK1IP1L,0.9204080932784646
ENSG00000060237,WNK1,WNK1,0.9203444358710564
ENSG00000205937,RNPS1,RNPS1,0.9187208504801174
ENSG00000015475,BID,BID,0.9175666580932812
ENSG00000159055,MIS18A,MIS18A,0.9175505829903984
ENSG00000114439,BBX,BBX,0.9162960819615976
ENSG00000244187,TMEM141,TMEM141,0.91604166666667
ENSG00000130770,ATPIF1,ATPIF1,0.9154312414266151
ENSG00000163866,SMIM12,SMIM12,0.9152261231138594
ENSG00000173113,TRMT112,TRMT112,0.9144718792866988
ENSG00000223797,ENTPD3-AS1,ENTPD3-AS1,0.9142283950617287
ENSG00000133935,C14orf1,C14orf1,0.913117069615916
ENSG00000153214,TMEM87B,TMEM87B,0.9116589506172841
ENSG00000009307,CSDE1,CSDE1,0.9077569873113944
ENSG00000078304,PPP2R5C,PPP2R5C,0.9072425840192152
ENSG00000007080,CCDC124,CCDC124,0.9065192043895824
ENSG00000134884,ARGLU1,ARGLU1,0.9063580246913613
ENSG00000143183,TMCO1,TMCO1,0.9038888888888913
ENSG00000139436,GIT2,GIT2,0.9038674554183853
ENSG00000141858,SAMD1,SAMD1,0.9029320987654323
ENSG00000163584,RPL22L1,RPL22L1,0.898147290809324
ENSG00000166136,NDUFB8,NDUFB8,0.8975460819615872
ENSG00000182866,LCK,LCK,0.8966201560356675
ENSG00000181038,METTL23,METTL23,0.8952141203703794
ENSG00000197043,ANXA6,ANXA6,0.8949579903978051
ENSG00000160014,CALM3,CALM3,0.8948765432098773
ENSG00000107968,MAP3K8,MAP3K8,0.8924245541838162
ENSG00000127920,GNG11,GNG11,0.8920061728395063
ENSG00000100410,PHF5A,PHF5A,0.8883950617284022
ENSG00000103994,ZNF106,ZNF106,0.8881267146776417
ENSG00000054148,PHPT1,PHPT1,0.8869853823731169
ENSG00000101162,TUBB1,TUBB1,0.8868921467764067
ENSG00000110944,IL23A,IL23A,0.8847316529492467
ENSG00000011523,CEP68,CEP68,0.8827769204389594
ENSG00000115271,GCA,GCA,0.8819185099451352
ENSG00000084623,EIF3I,EIF3I,0.8797528720850503
ENSG00000100201,DDX17,DDX17,0.8789086076817622
ENSG00000196419,XRCC6,XRCC6,0.8753395061728497
ENSG00000159658,EFCAB14,EFCAB14,0.8742146776406059
ENSG00000164924,YWHAZ,YWHAZ,0.872928669410163
ENSG00000145050,MANF,MANF,0.8722145061728434
ENSG00000114388,NPRL2,NPRL2,0.8721191272290839
ENSG00000089220,PEBP1,PEBP1,0.8720573988340239
ENSG00000090316,MAEA,MAEA,0.87110768175583
ENSG00000132965,ALOX5AP,ALOX5AP,0.8705244770233342
ENSG00000155957,TMBIM4,TMBIM4,0.8701026663237411
ENSG00000161671,EMC10,EMC10,0.8696081961591287
ENSG00000184209,SNRNP35,SNRNP35,0.869519675925929
ENSG00000168159,RNF187,RNF187,0.8691184413580249
ENSG00000162368,CMPK1,CMPK1,0.8685176611797059
ENSG00000108840,HDAC5,HDAC5,0.8666098679698242
ENSG00000063241,ISOC2,ISOC2,0.8657270233196165
ENSG00000160818,GPATCH4,GPATCH4,0.8645541838134432
ENSG00000112695,COX7A2,COX7A2,0.8639555469821705
ENSG00000142178,SIK1,SIK1,0.8628978052126222
ENSG00000180304,OAZ2,OAZ2,0.8609182098765482
ENSG00000186350,RXRA,RXRA,0.8600171467764083
ENSG00000114978,MOB1A,MOB1A,0.8592584019204477
ENSG00000240875,LINC00886,LINC00886,0.8582816786694102
ENSG00000105583,WDR83OS,WDR83OS,0.8564737654320969
ENSG00000124532,MRS2,MRS2,0.8563365912208508
ENSG00000065548,ZC3H15,ZC3H15,0.8557508144718906
ENSG00000078140,UBE2K,UBE2K,0.8536342592592614
ENSG00000174021,GNG5,GNG5,0.8523900462963091
ENSG00000022277,RTFDC1,RTFDC1,0.8478221450617425
ENSG00000128585,MKLN1,MKLN1,0.8476283864883419
ENSG00000247596,TWF2,TWF2,0.8444956704389613
ENSG00000100591,AHSA1,AHSA1,0.8441666666666666
ENSG00000078967,UBE2D4,UBE2D4,0.8393499228395068
ENSG00000109606,DHX15,DHX15,0.8374691358024724
ENSG00000257103,LSM14A,LSM14A,0.8367881944444531
ENSG00000131504,DIAPH1,DIAPH1,0.8339506172839529
ENSG00000173611,SCAI,SCAI,0.8328875171467776
ENSG00000115233,PSMD14,PSMD14,0.831344307270239
ENSG00000168209,DDIT4,DDIT4,0.8312748628257998
ENSG00000134001,EIF2S1,EIF2S1,0.8304518175582997
ENSG00000182240,BACE2,BACE2,0.8295053155006868
ENSG00000159128,IFNGR2,IFNGR2,0.8293209876543255
ENSG00000184840,TMED9,TMED9,0.8287645747599559
ENSG00000125826,RBCK1,RBCK1,0.8283942043895764
ENSG00000095066,HOOK2,HOOK2,0.827438057270235
ENSG00000146731,CCT6A,CCT6A,0.8273996913580343
ENSG00000198492,YTHDF2,YTHDF2,0.826820987654323
ENSG00000120992,LYPLA1,LYPLA1,0.8237002743484261
ENSG00000136240,KDELR2,KDELR2,0.8230964934842371
ENSG00000140553,UNC45A,UNC45A,0.8229318844307283
ENSG00000146007,ZMAT2,ZMAT2,0.8225820901920483
ENSG00000108774,RAB5C,RAB5C,0.8210628858024857
ENSG00000162585,C1orf86,C1orf86,0.8206685099451362
ENSG00000162620,LRRIQ3,LRRIQ3,0.8198345336076818
ENSG00000101160,CTSZ,CTSZ,0.8197110768175601
ENSG00000166750,SLFN5,SLFN5,0.8195814043209915
ENSG00000182551,ADI1,ADI1,0.8182696759259307
ENSG00000068697,LAPTM4A,LAPTM4A,0.8165018432784625
ENSG00000072778,ACADVL,ACADVL,0.8161863425925987
ENSG00000109736,MFSD10,MFSD10,0.8158427640603633
ENSG00000124784,RIOK1,RIOK1,0.8153283607681762
ENSG00000116586,LAMTOR2,LAMTOR2,0.814320987654326
ENSG00000141002,TCF25,TCF25,0.8130553412208672
ENSG00000262246,CORO7,CORO7,0.8112105624142707
ENSG00000168090,COPS6,COPS6,0.810524691358037
ENSG00000103254,FAM173A,FAM173A,0.8096056241426649
ENSG00000130830,MPP1,MPP1,0.8072187928669402
ENSG00000125952,MAX,MAX,0.8067110339506186
ENSG00000100266,PACSIN2,PACSIN2,0.8066647376543216
ENSG00000131446,MGAT1,MGAT1,0.8058382630315567
ENSG00000013561,RNF14,RNF14,0.8038320901920444
ENSG00000184076,UQCR10,UQCR10,0.8014737654321125
ENSG00000185215,TNFAIP2,TNFAIP2,0.8001798268175618
ENSG00000168802,CHTF8,CHTF8,0.798311899862828
ENSG00000100568,VTI1B,VTI1B,0.7968098422496599
ENSG00000055950,MRPL43,MRPL43,0.7961829132373122
ENSG00000124222,STX16,STX16,0.7960337362825806
ENSG00000064490,RFXANK,RFXANK,0.7957810356652965
ENSG00000112799,LY86,LY86,0.7954518175583006
ENSG00000162086,ZNF75A,ZNF75A,0.7946493484224975
ENSG00000100092,SH3BP1,SH3BP1,0.7940663580246894
ENSG00000143742,SRP9,SRP9,0.7937497856653103
ENSG00000240972,MIF,MIF,0.7931961591220867
ENSG00000048052,HDAC9,HDAC9,0.7923448216735255
ENSG00000101417,PXMP4,PXMP4,0.791481481481482
ENSG00000184922,FMNL1,FMNL1,0.7909250685871105
ENSG00000147889,CDKN2A,CDKN2A,0.7889368998628258
ENSG00000172116,CD8B,CD8B,0.7878684413580261
ENSG00000124155,PIGT,PIGT,0.787405478395063
ENSG00000126524,SBDS,SBDS,0.7854147376543223
ENSG00000159388,BTG2,BTG2,0.7848756858710672
ENSG00000099956,SMARCB1,SMARCB1,0.7845541838134498
ENSG00000097033,SH3GLB1,SH3GLB1,0.7845316786694139
ENSG00000102409,BEX4,BEX4,0.7842584019204447
ENSG00000079246,XRCC5,XRCC5,0.7837086334019225
ENSG00000136810,TXN,TXN,0.7831404320987739
ENSG00000146112,PPP1R18,PPP1R18,0.7787645747599594
ENSG00000141905,NFIC,NFIC,0.7765432098765455
ENSG00000107833,NPM3,NPM3,0.7755347650891672
ENSG00000228300,C19orf24,C19orf24,0.7752949245541882
ENSG00000143226,FCGR2A,FCGR2A,0.7733777006172892
ENSG00000168002,POLR2G,POLR2G,0.7717283950617255
ENSG00000153048,CARHSP1,CARHSP1,0.7706170696159208
ENSG00000100938,GMPR2,GMPR2,0.7701774691358113
ENSG00000184203,PPP1R2,PPP1R2,0.7701097393690024
ENSG00000108848,LUC7L3,LUC7L3,0.7693201303155022
ENSG00000171566,PLRG1,PLRG1,0.7685108024691409
ENSG00000141027,NCOR1,NCOR1,0.7679610339506263
ENSG00000011198,ABHD5,ABHD5,0.7672065757887533
ENSG00000048991,R3HDM1,R3HDM1,0.7656172839506175
ENSG00000175463,TBC1D10C,TBC1D10C,0.7639812671467795
ENSG00000138071,ACTR2,ACTR2,0.7632611025377286
ENSG00000127884,ECHS1,ECHS1,0.7631942301097411
ENSG00000122545,SEPT7,SEPT7,0.7631172839506257
ENSG00000134440,NARS,NARS,0.762451774691358
ENSG00000108294,PSMB3,PSMB3,0.7606993741426705
ENSG00000178035,IMPDH2,IMPDH2,0.7598969050068607
ENSG00000101888,NXT2,NXT2,0.7589506172839503
ENSG00000117305,HMGCL,HMGCL,0.75880572702332
ENSG00000111796,KLRB1,KLRB1,0.7583256172839505
ENSG00000107679,PLEKHA1,PLEKHA1,0.7561554783950655
ENSG00000081154,PCNP,PCNP,0.7556164266118013
ENSG00000101911,PRPS2,PRPS2,0.7541647376543227
ENSG00000196839,ADA,ADA,0.7541150120027457
ENSG00000070010,UFD1L,UFD1L,0.753558813443081
ENSG00000087088,BAX,BAX,0.7530553412208519
ENSG00000152558,TMEM123,TMEM123,0.7526740397805236
ENSG00000232388,LINC00493,LINC00493,0.751414394718793
ENSG00000124214,STAU1,STAU1,0.7508314043209897
ENSG00000072062,PRKACA,PRKACA,0.7505999228395078
ENSG00000124795,DEK,DEK,0.7503395061728506
ENSG00000121851,POLR3GL,POLR3GL,0.7497631601508983
ENSG00000101109,STK4,STK4,0.7478547239369082
ENSG00000092108,SCFD1,SCFD1,0.747591735253777
ENSG00000211584,SLC48A1,SLC48A1,0.7475231481481485
ENSG00000153485,TMEM251,TMEM251,0.7462654320987662
ENSG00000168818,STX18,STX18,0.7461057527434838
ENSG00000125753,VASP,VASP,0.7453566529492566
ENSG00000172115,CYCS,CYCS,0.7446911436899964
ENSG00000048828,FAM120A,FAM120A,0.7442281807270258
ENSG00000071127,WDR1,WDR1,0.7395814043209931
ENSG00000146094,DOK3,DOK3,0.7390732167352543
ENSG00000198918,RPL39,RPL39,0.7388811728395167
ENSG00000173141,MRP63,MRP63,0.738657193072701
ENSG00000116906,GNPAT,GNPAT,0.737571802126205
ENSG00000130598,TNNI2,TNNI2,0.7373351766117978
ENSG00000149187,CELF1,CELF1,0.7372322959533603
ENSG00000044574,HSPA5,HSPA5,0.737005958504808
ENSG00000136436,CALCOCO2,CALCOCO2,0.7359548611111179
ENSG00000136045,PWP1,PWP1,0.7356481481481523
ENSG00000142684,ZNF593,ZNF593,0.7350274348422507
ENSG00000057757,PITHD1,PITHD1,0.734103009259266
ENSG00000185043,CIB1,CIB1,0.7327151920439041
ENSG00000140968,IRF8,IRF8,0.7323128858024731
ENSG00000138190,EXOC6,EXOC6,0.7314394718792868
ENSG00000100258,LMF2,LMF2,0.7295265346364895
ENSG00000083896,YTHDC1,YTHDC1,0.7292333247599487
ENSG00000144381,HSPD1,HSPD1,0.7264812671467812
ENSG00000130741,EIF2S3,EIF2S3,0.7264368998628301
ENSG00000123689,G0S2,G0S2,0.7254492455418388
ENSG00000125538,IL1B,IL1B,0.7249483453360798
ENSG00000112096,SOD2,SOD2,0.7246036951303192
ENSG00000205531,NAP1L4,NAP1L4,0.7231172839506219
ENSG00000101193,GID8,GID8,0.7217069615912233
ENSG00000214253,FIS1,FIS1,0.7215429955418515
ENSG00000143793,C1orf35,C1orf35,0.7206787980109773
ENSG00000150347,ARID5B,ARID5B,0.7205246913580313
ENSG00000143553,SNAPIN,SNAPIN,0.7171585648148164
ENSG00000104408,EIF3E,EIF3E,0.7163218021262123
ENSG00000143570,SLC39A1,SLC39A1,0.7160485253772333
ENSG00000185507,IRF7,IRF7,0.715611925582995
ENSG00000010404,IDS,IDS,0.7155478395061714
ENSG00000136986,DERL1,DERL1,0.715154320987659
ENSG00000104660,LEPROTL1,LEPROTL1,0.7139266117969942
ENSG00000111275,ALDH2,ALDH2,0.7138012259945143
ENSG00000115524,SF3B1,SF3B1,0.7137326388888949
ENSG00000156162,DPY19L4,DPY19L4,0.7131172839506175
ENSG00000109919,MTCH2,MTCH2,0.7125975222908139
ENSG00000136717,BIN1,BIN1,0.7118310613854612
ENSG00000166619,BLCAP,BLCAP,0.7116632373113895
ENSG00000226816,AC005082.12,AC005082.12,0.7113648834019208
ENSG00000168421,RHOH,RHOH,0.7111033950617367
ENSG00000042493,CAPG,CAPG,0.7110165895061796
ENSG00000115073,ACTR1B,ACTR1B,0.7095162465706489
ENSG00000102931,ARL2BP,ARL2BP,0.7092283950617344
ENSG00000241468,ATP5J2,ATP5J2,0.7090104166666737
ENSG00000198399,ITSN2,ITSN2,0.7085285922496627
ENSG00000166562,SEC11C,SEC11C,0.7078530092592592
ENSG00000090266,NDUFB2,NDUFB2,0.7068278463648929
ENSG00000034152,MAP2K3,MAP2K3,0.7064120370370395
ENSG00000138085,ATRAID,ATRAID,0.7058221879286803
ENSG00000065518,NDUFB4,NDUFB4,0.7053392918381395
ENSG00000165533,TTC8,TTC8,0.7051774691358025
ENSG00000177879,AP3S1,AP3S1,0.7033256172839573
ENSG00000129518,EAPP,EAPP,0.702191358024693
ENSG00000157978,LDLRAP1,LDLRAP1,0.7012208504801135
ENSG00000179041,RRS1,RRS1,0.7003804441015132
ENSG00000116954,RRAGC,RRAGC,0.7002872085048042
ENSG00000084754,HADHA,HADHA,0.6999305555555647
ENSG00000150593,PDCD4,PDCD4,0.6998437500000085
ENSG00000100387,RBX1,RBX1,0.6997322959533638
ENSG00000177885,GRB2,GRB2,0.6995059585048091
ENSG00000032389,TSSC1,TSSC1,0.698455932784638
ENSG00000171130,ATP6V0E2,ATP6V0E2,0.6965532836076858
ENSG00000182670,TTC3,TTC3,0.6965172753772282
ENSG00000167985,SDHAF2,SDHAF2,0.6960185185185193
ENSG00000110514,MADD,MADD,0.694824888545954
ENSG00000168214,RBPJ,RBPJ,0.6939795524691359
ENSG00000133027,PEMT,PEMT,0.693209662208505
ENSG00000164615,CAMLG,CAMLG,0.6928592249657065
ENSG00000179912,R3HDM2,R3HDM2,0.6922837362825802
ENSG00000105443,CYTH2,CYTH2,0.69224194101509
ENSG00000148296,SURF6,SURF6,0.6909327846364888
ENSG00000160201,U2AF1,U2AF1,0.6881138545953422
ENSG00000272501,XXbac-BPG299F13.17,XXbac-BPG299F13.17,0.6872007887517163
ENSG00000136997,MYC,MYC,0.6869339420438959
ENSG00000186470,BTN3A2,BTN3A2,0.686371527777778
ENSG00000148334,PTGES2,PTGES2,0.6839497599451341
ENSG00000146576,C7orf26,C7orf26,0.6836674811385466
ENSG00000133256,PDE6B,PDE6B,0.6831481481481483
ENSG00000133106,EPSTI1,EPSTI1,0.6830913494513092
ENSG00000130935,NOL11,NOL11,0.6819425154320994
ENSG00000171204,TMEM126B,TMEM126B,0.6816452331961597
ENSG00000158985,CDC42SE2,CDC42SE2,0.6814986282578974
ENSG00000089006,SNX5,SNX5,0.6807098765432108
ENSG00000196998,WDR45,WDR45,0.6803530092592611
ENSG00000175130,MARCKSL1,MARCKSL1,0.6784559327846365
ENSG00000120662,MTRF1,MTRF1,0.678369127229081
ENSG00000122359,ANXA11,ANXA11,0.6768518518518619
ENSG00000115085,ZAP70,ZAP70,0.6762806498628279
ENSG00000143106,PSMA5,PSMA5,0.6749483453360895
ENSG00000160908,ZNF394,ZNF394,0.6738545953360784
ENSG00000204103,MAFB,MAFB,0.6719444444444471
ENSG00000150753,CCT5,CCT5,0.6705844907407416
ENSG00000168374,ARF4,ARF4,0.6703530092592597
ENSG00000010256,UQCRC1,UQCRC1,0.6699329132373122
ENSG00000111790,FGFR1OP2,FGFR1OP2,0.6670233196159161
ENSG00000111237,VPS29,VPS29,0.6645814043209969
ENSG00000120616,EPC1,EPC1,0.6633196159122184
ENSG00000120526,NUDCD1,NUDCD1,0.6612268518518523
ENSG00000184640,SEPT9,SEPT9,0.6604884687928784
ENSG00000066427,ATXN3,ATXN3,0.660115740740744
ENSG00000147140,NONO,NONO,0.6573653978052181
ENSG00000131732,ZCCHC9,ZCCHC9,0.6571585648148173
ENSG00000257727,CNPY2,CNPY2,0.6571397033607767
ENSG00000171611,PTCRA,PTCRA,0.6570953360768177
ENSG00000144848,ATG3,ATG3,0.65687928669411
ENSG00000139641,ESYT1,ESYT1,0.656583504801103
ENSG00000112110,MRPL18,MRPL18,0.6562885802469209
ENSG00000129351,ILF3,ILF3,0.6556575788751762
ENSG00000205220,PSMB10,PSMB10,0.6555553412208636
ENSG00000165264,NDUFB6,NDUFB6,0.6555536265432174
ENSG00000109118,PHF12,PHF12,0.6553489368998653
ENSG00000142864,SERBP1,SERBP1,0.6547048611111219
ENSG00000177700,POLR2L,POLR2L,0.6546287722908232
ENSG00000164713,BRI3,BRI3,0.6539986282578912
ENSG00000107362,ABHD17B,ABHD17B,0.6527604166666675
ENSG00000147419,CCDC25,CCDC25,0.6525666580932816
ENSG00000115484,CCT4,CCT4,0.6521913580246993
ENSG00000163399,ATP1A1,ATP1A1,0.6516493055555636
ENSG00000135535,CD164,CD164,0.6512037037037145
ENSG00000179750,APOBEC3B,APOBEC3B,0.6511111111111118
ENSG00000169220,RGS14,RGS14,0.6506462191358071
ENSG00000100348,TXN2,TXN2,0.6505521262002835
ENSG00000116030,SUMO1,SUMO1,0.6501180984225009
ENSG00000146223,RPL7L1,RPL7L1,0.6485165895061713
ENSG00000143222,UFC1,UFC1,0.6472213648834183
ENSG00000183918,SH2D1A,SH2D1A,0.6469425154321051
ENSG00000147813,NAPRT1,NAPRT1,0.6468921467764134
ENSG00000178127,NDUFV2,NDUFV2,0.6468344907407401
ENSG00000114784,EIF1B,EIF1B,0.6465104166666694
ENSG00000113845,TIMMDC1,TIMMDC1,0.6458228309327858
ENSG00000178952,TUFM,TUFM,0.6455246913580277
ENSG00000120697,ALG5,ALG5,0.6455073302469178
ENSG00000158864,NDUFS2,NDUFS2,0.6453684413580257
ENSG00000121316,PLBD1,PLBD1,0.6449363425925949
ENSG00000130638,ATXN10,ATXN10,0.6429621056241457
ENSG00000173575,CHD2,CHD2,0.6398128858024674
ENSG00000135108,FBXO21,FBXO21,0.6392641889574765
ENSG00000239306,RBM14,RBM14,0.6384765089163243
ENSG00000134453,RBM17,RBM17,0.6382353823731193
ENSG00000134954,ETS1,ETS1,0.6379552469135844
ENSG00000271938,RP11-589C21.6,RP11-589C21.6,0.6372425840192055
ENSG00000131795,RBM8A,RBM8A,0.6371879286694173
ENSG00000136710,CCDC115,CCDC115,0.6371122685185253
ENSG00000169764,UGP2,UGP2,0.6367283950617304
ENSG00000271737,CTB-113I20.2,CTB-113I20.2,0.6357330246913581
ENSG00000084731,KIF3C,KIF3C,0.6352878515089163
ENSG00000077232,DNAJC10,DNAJC10,0.6339332561728395
ENSG00000182180,MRPS16,MRPS16,0.6334359996570662
ENSG00000163961,RNF168,RNF168,0.6331942301097397
ENSG00000174903,RAB1B,RAB1B,0.6330238340192091
ENSG00000244045,TMEM199,TMEM199,0.6317686899862849
ENSG00000101596,SMCHD1,SMCHD1,0.6317558299039818
ENSG00000134996,OSTF1,OSTF1,0.6315500685871136
ENSG00000204568,MRPS18B,MRPS18B,0.6299305555555614
ENSG00000148660,CAMK2G,CAMK2G,0.6293036265432114
ENSG00000132002,DNAJB1,DNAJB1,0.6292043895747633
ENSG00000102871,TRADD,TRADD,0.6290937928669471
ENSG00000168395,ING5,ING5,0.6288320901920451
ENSG00000134308,YWHAQ,YWHAQ,0.6280553412208583
ENSG00000145782,ATG12,ATG12,0.6280444101508994
ENSG00000100815,TRIP11,TRIP11,0.627571159122087
ENSG00000167815,PRDX2,PRDX2,0.627510073731141
ENSG00000248092,NNT-AS1,NNT-AS1,0.6273917609739381
ENSG00000140740,UQCRC2,UQCRC2,0.6272202932098747
ENSG00000187145,MRPS21,MRPS21,0.6271913580246989
ENSG00000181788,SIAH2,SIAH2,0.6265740740740801
ENSG00000126249,PDCD2L,PDCD2L,0.6260416666666669
ENSG00000155368,DBI,DBI,0.6258607681755946
ENSG00000092020,PPP2R3C,PPP2R3C,0.6257373113854635
ENSG00000170275,CRTAP,CRTAP,0.6251798268175629
ENSG00000141965,FEM1A,FEM1A,0.6250377229080948
ENSG00000171316,CHD7,CHD7,0.6242661179698232
ENSG00000237541,HLA-DQA2,HLA-DQA2,0.623765432098766
ENSG00000133142,TCEAL4,TCEAL4,0.6218998628257913
ENSG00000160058,BSDC1,BSDC1,0.6214761231138575
ENSG00000087365,SF3B2,SF3B2,0.6212954389574801
ENSG00000137309,HMGA1,HMGA1,0.6212268518518542
ENSG00000167613,LAIR1,LAIR1,0.6205656292866966
ENSG00000103496,STX4,STX4,0.6198900462963037
ENSG00000111678,C12orf57,C12orf57,0.6190706447187969
ENSG00000224397,RP11-290F20.3,RP11-290F20.3,0.6185337362825789
ENSG00000120727,PAIP2,PAIP2,0.6179621056241491
ENSG00000151470,C4orf33,C4orf33,0.6168499228395073
ENSG00000105186,ANKRD27,ANKRD27,0.6164188957476007
ENSG00000110876,SELPLG,SELPLG,0.6163580246913639
ENSG00000114812,VIPR1,VIPR1,0.6160491683813446
ENSG00000078668,VDAC3,VDAC3,0.6150925925925981
ENSG00000240857,RDH14,RDH14,0.6140687157064525
ENSG00000184007,PTP4A2,PTP4A2,0.6140172753772344
ENSG00000138777,PPA2,PPA2,0.6139401148834055
ENSG00000090554,FLT3LG,FLT3LG,0.6131839420439005
ENSG00000091527,CDV3,CDV3,0.6128395061728404
ENSG00000138385,SSB,SSB,0.6123454646776392
ENSG00000129003,VPS13C,VPS13C,0.6117764060356669
ENSG00000136560,TANK,TANK,0.6111488340192078
ENSG00000090273,NUDC,NUDC,0.6104861111111176
ENSG00000179271,GADD45GIP1,GADD45GIP1,0.6097048611111185
ENSG00000124574,ABCC10,ABCC10,0.6095130315500689
ENSG00000147010,SH3KBP1,SH3KBP1,0.6089709790809382
ENSG00000163563,MNDA,MNDA,0.608238811728394
ENSG00000101695,RNF125,RNF125,0.6080032578875199
ENSG00000099331,MYO9B,MYO9B,0.6077672753772326
ENSG00000103035,PSMD7,PSMD7,0.6071757115912224
ENSG00000187630,DHRS4L2,DHRS4L2,0.6070438957476034
ENSG00000163875,MEAF6,MEAF6,0.6060165895061709
ENSG00000114353,GNAI2,GNAI2,0.605521262002749
ENSG00000163683,SMIM14,SMIM14,0.6010011574074127
ENSG00000128590,DNAJB9,DNAJB9,0.6008314043209932
ENSG00000115053,NCL,NCL,0.6008314043209894
ENSG00000163170,BOLA3,BOLA3,0.5996036951303173
ENSG00000105202,FBL,FBL,0.5991921724965773
ENSG00000166170,BAG5,BAG5,0.5986076817558303
ENSG00000137575,SDCBP,SDCBP,0.5982919667352575
ENSG00000158796,DEDD,DEDD,0.5960896776406052
ENSG00000183049,CAMK1D,CAMK1D,0.595438957475998
ENSG00000074842,C19orf10,C19orf10,0.59432098765432
ENSG00000213619,NDUFS3,NDUFS3,0.5936342592592646
ENSG00000179889,PDXDC1,PDXDC1,0.593132501714679
ENSG00000172336,POP7,POP7,0.5925788751714705
ENSG00000106268,NUDT1,NUDT1,0.592475994513038
ENSG00000128626,MRPS12,MRPS12,0.5919332990397856
ENSG00000076984,MAP2K7,MAP2K7,0.5918518518518525
ENSG00000108479,GALK1,GALK1,0.5917418981481495
ENSG00000096401,CDC5L,CDC5L,0.5905553412208525
ENSG00000156136,DCK,DCK,0.5900357938957493
ENSG00000105248,CCDC94,CCDC94,0.5896219135802483
ENSG00000177971,IMP3,IMP3,0.5892789780521316
ENSG00000247271,ZBED5-AS1,ZBED5-AS1,0.589155521262003
ENSG00000122705,CLTA,CLTA,0.5891030092592655
ENSG00000240682,ISY1,ISY1,0.5888869598765462
ENSG00000159445,THEM4,THEM4,0.5884353566529517
ENSG00000187239,FNBP1,FNBP1,0.5881462191358062
ENSG00000242574,HLA-DMB,HLA-DMB,0.5877537722908109
ENSG00000164442,CITED2,CITED2,0.586364883401921
ENSG00000163939,PBRM1,PBRM1,0.5846345593278482
ENSG00000130714,POMT1,POMT1,0.5840114883401933
ENSG00000179218,CALR,CALR,0.5830964934842268
ENSG00000072310,SREBF1,SREBF1,0.5827758487654325
ENSG00000132792,CTNNBL1,CTNNBL1,0.5820567558299092
ENSG00000178605,GTPBP6,GTPBP6,0.5817481138546007
ENSG00000117691,NENF,NENF,0.5814966992455461
ENSG00000117984,CTSD,CTSD,0.5813751714677668
ENSG00000106066,CPVL,CPVL,0.5798010973936907
ENSG00000235750,KIAA0040,KIAA0040,0.5793201303155047
ENSG00000104324,CPQ,CPQ,0.5790841478052151
ENSG00000108264,TADA2A,TADA2A,0.577494641632374
ENSG00000110619,CARS,CARS,0.5766941015089203
ENSG00000172270,BSG,BSG,0.5765635716735296
ENSG00000089289,IGBP1,IGBP1,0.5758093278463631
ENSG00000167208,SNX20,SNX20,0.5757696759259308
ENSG00000169245,CXCL10,CXCL10,0.5754320987654322
ENSG00000146701,MDH2,MDH2,0.5751637517146855
ENSG00000173436,MINOS1,MINOS1,0.5738063700274426
ENSG00000169508,GPR183,GPR183,0.5734353566529486
ENSG00000100055,CYTH4,CYTH4,0.5733948473936933
ENSG00000101084,C20orf24,C20orf24,0.5727974965706479
ENSG00000213930,GALT,GALT,0.5723731138545969
ENSG00000086189,DIMT1,DIMT1,0.5719127229080951
ENSG00000168303,MPLKIP,MPLKIP,0.5717283950617322
ENSG00000010244,ZNF207,ZNF207,0.5715012002743529
ENSG00000213920,MDP1,MDP1,0.5704595336076841
ENSG00000100629,CEP128,CEP128,0.5704370284636492
ENSG00000141505,ASGR1,ASGR1,0.5689332561728414
ENSG00000100023,PPIL2,PPIL2,0.5688880315500695
ENSG00000117906,RCN2,RCN2,0.568785150891633
ENSG00000147533,GOLGA7,GOLGA7,0.5687497856652979
ENSG00000136280,CCM2,CCM2,0.5684702932098769
ENSG00000270019,RP11-141B14.1,RP11-141B14.1,0.5682090192043897
ENSG00000129562,DAD1,DAD1,0.5662703617969905
ENSG00000124659,TBCC,TBCC,0.5661777692043928
ENSG00000032219,ARID4A,ARID4A,0.5651200274348436
ENSG00000198843,SELT,SELT,0.564608839163239
ENSG00000132471,WBP2,WBP2,0.5639915552126231
ENSG00000130332,LSM7,LSM7,0.5627981395747633
ENSG00000185088,RPS27L,RPS27L,0.5617110339506192
ENSG00000134851,TMEM165,TMEM165,0.561642661179701
ENSG00000256683,ZNF350,ZNF350,0.5611488340192061
ENSG00000031698,SARS,SARS,0.5607765346364898
ENSG00000243927,MRPS6,MRPS6,0.5593962191358038
ENSG00000115241,PPM1G,PPM1G,0.5592043895747629
ENSG00000165637,VDAC2,VDAC2,0.5570293209876613
ENSG00000259529,RP11-468E2.4,RP11-468E2.4,0.5563938185871066
ENSG00000185115,NDNL2,NDNL2,0.5553703703703742
ENSG00000259758,CASC7,CASC7,0.5546808556241432
ENSG00000105258,POLR2I,POLR2I,0.5531325017146822
ENSG00000163728,TTC14,TTC14,0.5512857938957503
ENSG00000102760,RGCC,RGCC,0.550766246570646
ENSG00000075884,ARHGAP15,ARHGAP15,0.5502434842249699
ENSG00000101336,HCK,HCK,0.5497683041838138
ENSG00000169189,NSMCE1,NSMCE1,0.5497522290809358
ENSG00000022267,FHL1,FHL1,0.5488423782578875
ENSG00000164483,SAMD3,SAMD3,0.5485594564471903
ENSG00000130748,TMEM160,TMEM160,0.5481942301097449
ENSG00000127554,GFER,GFER,0.5480347650891633
ENSG00000214113,LYRM4,LYRM4,0.5478032836076848
ENSG00000160310,PRMT2,PRMT2,0.5477331961591217
ENSG00000141526,SLC16A3,SLC16A3,0.546665809327844
ENSG00000183291,SEP15,SEP15,0.5461623371056277
ENSG00000143363,PRUNE,PRUNE,0.5460131601508924
ENSG00000129235,TXNDC17,TXNDC17,0.5450769461591227
ENSG00000196466,ZNF799,ZNF799,0.5429826817558303
ENSG00000136732,GYPC,GYPC,0.5421191272290841
ENSG00000079785,DDX1,DDX1,0.5414178240740756
ENSG00000125447,GGA3,GGA3,0.5397271519204399
ENSG00000117899,MESDC2,MESDC2,0.5385440243484244
ENSG00000129355,CDKN2D,CDKN2D,0.5381472908093301
ENSG00000135899,SP110,SP110,0.5377295524691386
ENSG00000159069,FBXW5,FBXW5,0.5369675925925956
ENSG00000160741,CRTC2,CRTC2,0.5360628858024705
ENSG00000089063,TMEM230,TMEM230,0.5356858710562477
ENSG00000165060,FXN,FXN,0.5351157407407416
ENSG00000156411,C14orf2,C14orf2,0.5350617283950618
ENSG00000085514,PILRA,PILRA,0.5342043895747597
ENSG00000100823,APEX1,APEX1,0.5329627486282631
ENSG00000169019,COMMD8,COMMD8,0.5327769204389585
ENSG00000120963,ZNF706,ZNF706,0.5326369598765479
ENSG00000197912,SPG7,SPG7,0.5316647376543221
ENSG00000114861,FOXP1,FOXP1,0.5311033950617287
ENSG00000149823,VPS51,VPS51,0.5308022548010995
ENSG00000140386,SCAPER,SCAPER,0.5305932784636508
ENSG00000177548,RABEP2,RABEP2,0.5296673525377236
ENSG00000069667,RORA,RORA,0.528933256172841
ENSG00000167397,VKORC1,VKORC1,0.5282913237311352
ENSG00000136522,MRPL47,MRPL47,0.5271527777777796
ENSG00000110203,FOLR3,FOLR3,0.5255135459533595
ENSG00000114446,IFT57,IFT57,0.5253009259259273
ENSG00000180376,CCDC66,CCDC66,0.5232295953360769
ENSG00000133398,MED10,MED10,0.5231172839506201
ENSG00000108433,GOSR2,GOSR2,0.5230032578875183
ENSG00000186184,POLR1D,POLR1D,0.5223197445130328
ENSG00000182500,ORAI1,ORAI1,0.5219733796296306
ENSG00000108349,CASC3,CASC3,0.5219615912208513
ENSG00000149485,FADS1,FADS1,0.5217230366941022
ENSG00000182004,SNRPE,SNRPE,0.5216529492455433
ENSG00000067066,SP100,SP100,0.5215192043895805
ENSG00000139193,CD27,CD27,0.5209662208504802
ENSG00000143870,PDIA6,PDIA6,0.5202254801097416
ENSG00000163221,S100A12,S100A12,0.5190663580246917
ENSG00000147065,MSN,MSN,0.5187326388888911
ENSG00000101347,SAMHD1,SAMHD1,0.5183125428669406
ENSG00000158717,RNF166,RNF166,0.5178592249657077
ENSG00000154723,ATP5J,ATP5J,0.5164814814814859
ENSG00000164405,UQCRQ,UQCRQ,0.516233710562417
ENSG00000004059,ARF5,ARF5,0.516201774691361
ENSG00000123240,OPTN,OPTN,0.5153463648834018
ENSG00000087206,UIMC1,UIMC1,0.5150203617969829
ENSG00000136819,C9orf78,C9orf78,0.514998070987652
ENSG00000127483,HP1BP3,HP1BP3,0.5146345593278473
ENSG00000184182,UBE2F,UBE2F,0.5144287980109729
ENSG00000157601,MX1,MX1,0.5141555212620019
ENSG00000010072,SPRTN,SPRTN,0.5140944358710569
ENSG00000110321,EIF4G2,EIF4G2,0.5138751714677672
ENSG00000023445,BIRC3,BIRC3,0.5135382373113857
ENSG00000125356,NDUFA1,NDUFA1,0.5132707475994561
ENSG00000175087,PDIK1L,PDIK1L,0.5123834019204395
ENSG00000159674,SPON2,SPON2,0.5114060356652942
ENSG00000183486,MX2,MX2,0.5102878515089175
ENSG00000101474,APMAP,APMAP,0.5094641632373105
ENSG00000023892,DEF6,DEF6,0.5092249657064454
ENSG00000147121,KRBOX4,KRBOX4,0.5080073302469142
ENSG00000169020,ATP5I,ATP5I,0.506224065500686
ENSG00000160075,SSU72,SSU72,0.5061719821673579
ENSG00000153283,CD96,CD96,0.5057765346364861
ENSG00000122643,NT5C3A,NT5C3A,0.505262131344305
ENSG00000077454,LRCH4,LRCH4,0.5051695387517151
ENSG00000134825,TMEM258,TMEM258,0.5051431755829943
ENSG00000123562,MORF4L2,MORF4L2,0.5050820901920418
ENSG00000105701,FKBP8,FKBP8,0.5048900462962991
ENSG00000177721,ANXA2R,ANXA2R,0.5047805212620045
ENSG00000149923,PPP4C,PPP4C,0.504727151920441
ENSG00000092330,TINF2,TINF2,0.5042436128257887
ENSG00000160710,ADAR,ADAR,0.5041015089163219
ENSG00000186517,ARHGAP30,ARHGAP30,0.5039332561728389
ENSG00000087460,GNAS,GNAS,0.5035748885459557
ENSG00000162298,SYVN1,SYVN1,0.5026543209876535
ENSG00000079263,SP140,SP140,0.5023900462962955
ENSG00000125449,ARMC7,ARMC7,0.5019675925925924
ENSG00000091483,FH,FH,0.5019270833333329
ENSG00000115541,HSPE1,HSPE1,0.5012600737311377
ENSG00000166012,TAF1D,TAF1D,0.5008024691358005
ENSG00000175324,LSM1,LSM1,0.5002724194101488
ENSG00000175756,AURKAIP1,AURKAIP1,0.4999997856652976
ENSG00000162384,C1orf123,C1orf123,0.49939986282578935
ENSG00000155465,SLC7A7,SLC7A7,0.4986205418381341
ENSG00000143393,PI4KB,PI4KB,0.49805362654320895
ENSG00000162777,DENND2D,DENND2D,0.49749464163237467
ENSG00000102898,NUTF2,NUTF2,0.495738811728392
ENSG00000161011,SQSTM1,SQSTM1,0.4957098765432114
ENSG00000126067,PSMB2,PSMB2,0.4954627486282549
ENSG00000175348,TMEM9B,TMEM9B,0.49474258401920496
ENSG00000160783,PMF1,PMF1,0.4947393689986286
ENSG00000143753,DEGS1,DEGS1,0.49442708333332985
ENSG00000114857,NKTR,NKTR,0.49382180212620064
ENSG00000077420,APBB1IP,APBB1IP,0.49246377743484215
ENSG00000075785,RAB7A,RAB7A,0.4913835305212655
ENSG00000100442,FKBP3,FKBP3,0.4909842249657048
ENSG00000110717,NDUFS8,NDUFS8,0.4909430727023299
ENSG00000144401,METTL21A,METTL21A,0.4907919667352522
ENSG00000086300,SNX10,SNX10,0.4904987568587102
ENSG00000121022,COPS5,COPS5,0.4904267403978019
ENSG00000086504,MRPL28,MRPL28,0.49012002743484073
ENSG00000145494,NDUFS6,NDUFS6,0.4898113854595338
ENSG00000162894,FAIM3,FAIM3,0.48885781035665266
ENSG00000105404,RABAC1,RABAC1,0.4883897033607745
ENSG00000066583,ISOC1,ISOC1,0.48765432098765343
ENSG00000117592,PRDX6,PRDX6,0.48740547839506326
ENSG00000145348,TBCK,TBCK,0.48670246056241423
ENSG00000088766,CRLS1,CRLS1,0.4861033950617263
ENSG00000108551,RASD1,RASD1,0.48601658950617277
ENSG00000125347,IRF1,IRF1,0.48564278978052233
ENSG00000138758,SEPT11,SEPT11,0.4854629629629626
ENSG00000163743,RCHY1,RCHY1,0.48528785150891507
ENSG00000135090,TAOK3,TAOK3,0.48495177469135453
ENSG00000120942,UBIAD1,UBIAD1,0.4840526406035653
ENSG00000247982,LINC00926,LINC00926,0.4833794152949224
ENSG00000159140,SON,SON,0.4829209533607694
ENSG00000273344,PAXIP1-AS1,PAXIP1-AS1,0.48188764574759924
ENSG00000122565,CBX3,CBX3,0.48167674039780095
ENSG00000158517,NCF1,NCF1,0.4813365912208466
ENSG00000108651,UTP6,UTP6,0.48023319615912036
ENSG00000257621,RP11-349A22.5,RP11-349A22.5,0.4797316529492421
ENSG00000166598,HSP90B1,HSP90B1,0.4789086076817552
ENSG00000107816,LZTS2,LZTS2,0.4787703617969821
ENSG00000113712,CSNK1A1,CSNK1A1,0.47876457475994405
ENSG00000125656,CLPP,CLPP,0.47851080246913125
ENSG00000145675,PIK3R1,PIK3R1,0.4775685871056231
ENSG00000100567,PSMA3,PSMA3,0.4767641889574758
ENSG00000125977,EIF2S2,EIF2S2,0.47601508916323587
ENSG00000103811,CTSH,CTSH,0.47524348422496354
ENSG00000105968,H2AFV,H2AFV,0.47329196673525387
ENSG00000103978,TMEM87A,TMEM87A,0.4729080932784606
ENSG00000204475,NCR3,NCR3,0.47282214506172593
ENSG00000155099,TMEM55A,TMEM55A,0.47255637002743284
ENSG00000162645,GBP2,GBP2,0.4723763288751716
ENSG00000198695,MT-ND6,MT-ND6,0.47235918209876276
ENSG00000168275,COA6,COA6,0.4699054783950587
ENSG00000013275,PSMC4,PSMC4,0.46962877229080613
ENSG00000075142,SRI,SRI,0.46911436899863024
ENSG00000153234,NR4A2,NR4A2,0.4690790037722897
ENSG00000185347,C14orf80,C14orf80,0.46892918381344206
ENSG00000198604,BAZ1A,BAZ1A,0.4679936128257884
ENSG00000139218,SCAF11,SCAF11,0.467947316529493
ENSG00000185658,BRWD1,BRWD1,0.467527434842248
ENSG00000120798,NR2C1,NR2C1,0.4672805212620022
ENSG00000128699,ORMDL1,ORMDL1,0.4661726251714673
ENSG00000117475,BLZF1,BLZF1,0.46585883916323695
ENSG00000188042,ARL4C,ARL4C,0.46576624657064264
ENSG00000006831,ADIPOR2,ADIPOR2,0.46456704389574754
ENSG00000136930,PSMB7,PSMB7,0.46398834019204627
ENSG00000183283,DAZAP2,DAZAP2,0.46356652949246097
ENSG00000203710,CR1,CR1,0.46240547839506113
ENSG00000120699,EXOSC8,EXOSC8,0.4620351080246903
ENSG00000162236,STX5,STX5,0.4612654320987643
ENSG00000124562,SNRPC,SNRPC,0.46056241426611594
ENSG00000143621,ILF2,ILF2,0.4598763288751701
ENSG00000003056,M6PR,M6PR,0.45873113854595293
ENSG00000168066,SF1,SF1,0.4569744513031548
ENSG00000142347,MYO1F,MYO1F,0.4562909379286677
ENSG00000186298,PPP1CC,PPP1CC,0.4561554783950593
ENSG00000142444,C19orf52,C19orf52,0.45596171982167205
ENSG00000120885,CLU,CLU,0.45586226851851847
ENSG00000111727,HCFC2,HCFC2,0.4558564814814814
ENSG00000134815,DHX34,DHX34,0.45580932784636446
ENSG00000151876,FBXO4,FBXO4,0.4549991426611788
ENSG00000060971,ACAA1,ACAA1,0.4539086076817543
ENSG00000128245,YWHAH,YWHAH,0.4533382630315457
ENSG00000163344,PMVK,PMVK,0.4531325017146771
ENSG00000125354,SEPT6,SEPT6,0.4527563443072643
ENSG00000205659,LIN52,LIN52,0.45272612311385446
ENSG00000182472,CAPN12,CAPN12,0.45198023834019124
ENSG00000103365,GGA2,GGA2,0.45178240740740605
ENSG00000138293,NCOA4,NCOA4,0.45112825788751487
ENSG00000167085,PHB,PHB,0.4506890860768127
ENSG00000111913,FAM65B,FAM65B,0.45045246056241506
ENSG00000185624,P4HB,P4HB,0.44962620027434763
ENSG00000185187,SIGIRR,SIGIRR,0.4494853823731102
ENSG00000113269,RNF130,RNF130,0.449194101508914
ENSG00000198771,RCSD1,RCSD1,0.4479389574759902
ENSG00000130724,CHMP2A,CHMP2A,0.4478360768175568
ENSG00000101997,CCDC22,CCDC22,0.4472477280521245
ENSG00000073578,SDHA,SDHA,0.4466647376543197
ENSG00000106785,TRIM14,TRIM14,0.44610339506172625
ENSG00000103653,CSK,CSK,0.4459182098765385
ENSG00000106615,RHEB,RHEB,0.4447393689986232
ENSG00000125971,DYNLRB1,DYNLRB1,0.44438250171467697
ENSG00000154832,CXXC1,CXXC1,0.4437480709876536
ENSG00000126003,PLAGL2,PLAGL2,0.4430032578875162
ENSG00000132716,DCAF8,DCAF8,0.4426534636488321
ENSG00000144655,CSRNP1,CSRNP1,0.4423608967764054
ENSG00000100100,PIK3IP1,PIK3IP1,0.44159722222222003
ENSG00000148572,NRBF2,NRBF2,0.44100737311385424
ENSG00000100347,SAMM50,SAMM50,0.43986604080932734
ENSG00000138279,ANXA7,ANXA7,0.43900891632372935
ENSG00000269858,EGLN2,EGLN2,0.43795524691357934
ENSG00000070423,RNF126,RNF126,0.4377569873113837
ENSG00000153187,HNRNPU,HNRNPU,0.4374348422496539
ENSG00000262814,MRPL12,MRPL12,0.43644525891632036
ENSG00000105698,USF2,USF2,0.4360851766117942
ENSG00000178449,COX14,COX14,0.43504029492454954
ENSG00000162909,CAPN2,CAPN2,0.4345601851851794
ENSG00000065154,OAT,OAT,0.43311706961591057
ENSG00000114030,KPNA1,KPNA1,0.43281550068586955
ENSG00000170473,WIBG,WIBG,0.43147097908092985
ENSG00000099341,PSMD8,PSMD8,0.43020490397805045
ENSG00000169727,GPS1,GPS1,0.4301592506858698
ENSG00000153250,RBMS1,RBMS1,0.43004093792866716
ENSG00000169756,LIMS1,LIMS1,0.42951624657064247
ENSG00000174946,GPR171,GPR171,0.4292899091220837
ENSG00000064886,CHI3L2,CHI3L2,0.428558813443071
ENSG00000169955,ZNF747,ZNF747,0.4284702932098764
ENSG00000139278,GLIPR1,GLIPR1,0.42795760459533205
ENSG00000125967,NECAB3,NECAB3,0.42715277777777777
ENSG00000116489,CAPZA1,CAPZA1,0.4268098422496525
ENSG00000171314,PGAM1,PGAM1,0.425735382373109
ENSG00000237298,TTN-AS1,TTN-AS1,0.42539008916323734
ENSG00000114062,UBE3A,UBE3A,0.42533414780521134
ENSG00000126353,CCR7,CCR7,0.42526041666666264
ENSG00000204498,NFKBIL1,NFKBIL1,0.4251843278463643
ENSG00000217555,CKLF,CKLF,0.4249689214677583
ENSG00000090013,BLVRB,BLVRB,0.4235802469135777
ENSG00000100225,FBXO7,FBXO7,0.4230999228395026
ENSG00000169733,RFNG,RFNG,0.42290037722908086
ENSG00000124596,OARD1,OARD1,0.4227700617283944
ENSG00000206172,HBA1,HBA1,0.42197445130315486
ENSG00000140749,IGSF6,IGSF6,0.4219133659122082
ENSG00000168394,TAP1,TAP1,0.42164587620026867
ENSG00000127415,IDUA,IDUA,0.42139896262002735
ENSG00000066136,NFYC,NFYC,0.4211925582990391
ENSG00000180389,ATP5EP2,ATP5EP2,0.42048846879286517
ENSG00000136146,MED4,MED4,0.42041838134430637
ENSG00000131370,SH3BP5,SH3BP5,0.4192796210562394
ENSG00000112304,ACOT13,ACOT13,0.4190584276406028
ENSG00000159210,SNF8,SNF8,0.4185665294924512
ENSG00000230989,HSBP1,HSBP1,0.41805362654320743
ENSG00000170515,PA2G4,PA2G4,0.4170061728395031
ENSG00000185825,BCAP31,BCAP31,0.4156016375171442
ENSG00000169288,MRPL1,MRPL1,0.41552447702331746
ENSG00000099795,NDUFB7,NDUFB7,0.41548010973936716
ENSG00000269893,SNHG8,SNHG8,0.4153900891632341
ENSG00000007341,ST7L,ST7L,0.4150068587105614
ENSG00000101745,ANKRD12,ANKRD12,0.4149329132373101
ENSG00000108953,YWHAE,YWHAE,0.41476658950617173
ENSG00000166435,XRRA1,XRRA1,0.4147496570644704
ENSG00000134480,CCNH,CCNH,0.4146219135802434
ENSG00000107742,SPOCK2,SPOCK2,0.4145053155006808
ENSG00000174197,MGA,MGA,0.41294560185185136
ENSG00000168961,LGALS9,LGALS9,0.4128935185185155
ENSG00000113583,C5orf15,C5orf15,0.41222029320987497
ENSG00000163481,RNF25,RNF25,0.4104318844307267
ENSG00000113811,SELK,SELK,0.410339506172838
ENSG00000169021,UQCRFS1,UQCRFS1,0.4098248885459499
ENSG00000145247,OCIAD2,OCIAD2,0.40946416323730545
ENSG00000033100,CHPF2,CHPF2,0.40944251543209786
ENSG00000123146,CD97,CD97,0.4084822959533577
ENSG00000122873,CISD1,CISD1,0.40743291323731123
ENSG00000106400,ZNHIT1,ZNHIT1,0.4069307270233169
ENSG00000131174,COX7B,COX7B,0.40670438957475563
ENSG00000188986,NELFB,NELFB,0.4056035665294922
ENSG00000116898,MRPS15,MRPS15,0.4054524605624119
ENSG00000235162,C12orf75,C12orf75,0.4049991426611769
ENSG00000140280,LYSMD2,LYSMD2,0.4049277692043833
ENSG00000067167,TRAM1,TRAM1,0.40448473936899487
ENSG00000105821,DNAJC2,DNAJC2,0.404427083333333
ENSG00000131759,RARA,RARA,0.4040104166666667
ENSG00000124256,ZBP1,ZBP1,0.4031172839506163
ENSG00000059377,TBXAS1,TBXAS1,0.40297303669410034
ENSG00000171530,TBCA,TBCA,0.4027261231138505
ENSG00000143321,HDGF,HDGF,0.4024554183813422
ENSG00000170881,RNF139,RNF139,0.4021345593278424
ENSG00000160654,CD3G,CD3G,0.4013869598765394
ENSG00000108960,MMD,MMD,0.4010416666666664
ENSG00000111667,USP5,USP5,0.4010150891632372
ENSG00000185651,UBE2L3,UBE2L3,0.3992230366940973
ENSG00000089127,OAS1,OAS1,0.3988263031550037
ENSG00000143799,PARP1,PARP1,0.3972213648834005
ENSG00000113851,CRBN,CRBN,0.3969744513031494
ENSG00000102100,SLC35A2,SLC35A2,0.3965104166666663
ENSG00000163463,KRTCAP2,KRTCAP2,0.3964120370370351
ENSG00000227354,RBM26-AS1,RBM26-AS1,0.39636295438957475
ENSG00000028137,TNFRSF1B,TNFRSF1B,0.39597029320987587
ENSG00000133393,FOPNL,FOPNL,0.3958314043209859
ENSG00000101361,NOP56,NOP56,0.3953626543209825
ENSG00000133226,SRRM1,SRRM1,0.3952569873113816
ENSG00000164754,RAD21,RAD21,0.39518518518518336
ENSG00000111481,COPZ1,COPZ1,0.3940738597393656
ENSG00000155438,NIFK,NIFK,0.39349258401920073
ENSG00000117054,ACADM,ACADM,0.3932784636488332
ENSG00000227591,RP1-28O10.1,RP1-28O10.1,0.3927929955418381
ENSG00000104998,IL27RA,IL27RA,0.3927083333333301
ENSG00000106245,BUD31,BUD31,0.3918962191357985
ENSG00000133134,BEX2,BEX2,0.391661308299039
ENSG00000163565,IFI16,IFI16,0.3914188957475985
ENSG00000163319,MRPS18C,MRPS18C,0.39137324245541566
ENSG00000187116,LILRA5,LILRA5,0.390970293209875
ENSG00000064115,TM7SF3,TM7SF3,0.390006858710562
ENSG00000175489,LRRC25,LRRC25,0.3884765089163234
ENSG00000175115,PACS1,PACS1,0.3884353566529498
ENSG00000101019,UQCC1,UQCC1,0.3883024691358016
ENSG00000008952,SEC62,SEC62,0.38822337962962755
ENSG00000123338,NCKAP1L,NCKAP1L,0.3865217764060346
ENSG00000103024,NME3,NME3,0.38650891632372614
ENSG00000076928,ARHGEF1,ARHGEF1,0.38637774348422194
ENSG00000130520,LSM4,LSM4,0.3857330246913533
ENSG00000137409,MTCH1,MTCH1,0.3851851851851796
ENSG00000130254,SAFB2,SAFB2,0.3849922839506167
ENSG00000213658,LAT,LAT,0.38485918209876196
ENSG00000169740,ZNF32,ZNF32,0.3847202932098726
ENSG00000174917,C19orf70,C19orf70,0.3845934070644679
ENSG00000108679,LGALS3BP,LGALS3BP,0.38456768689986043
ENSG00000007168,PAFAH1B1,PAFAH1B1,0.38425154320987515
ENSG00000091640,SPAG7,SPAG7,0.38421724965705895
ENSG00000184557,SOCS3,SOCS3,0.3841426611796955
ENSG00000186395,KRT10,KRT10,0.3840526406035638
ENSG00000163660,CCNL1,CCNL1,0.3839086076817517
ENSG00000163346,PBXIP1,PBXIP1,0.3821364883401902
ENSG00000224032,EPB41L4A-AS1,EPB41L4A-AS1,0.3820934070644675
ENSG00000173726,TOMM20,TOMM20,0.38192708333332925
ENSG00000143612,C1orf43,C1orf43,0.380524691358022
ENSG00000165949,IFI27,IFI27,0.3803650120027431
ENSG00000197061,HIST1H4C,HIST1H4C,0.3801817558299034
ENSG00000127445,PIN1,PIN1,0.37976658950617115
ENSG00000267216,AC010642.1,AC010642.1,0.3790732167352508
ENSG00000203993,C9orf37,C9orf37,0.37880572702331955
ENSG00000145912,NHP2,NHP2,0.3787002743484174
ENSG00000153563,CD8A,CD8A,0.3784327846364869
ENSG00000250479,CHCHD10,CHCHD10,0.3777949245541804
ENSG00000109062,SLC9A3R1,SLC9A3R1,0.3777743484224969
ENSG00000132530,XAF1,XAF1,0.37718599965706034
ENSG00000113070,HBEGF,HBEGF,0.37705675582990356
ENSG00000132185,FCRLA,FCRLA,0.37651213134430694
ENSG00000163297,ANTXR2,ANTXR2,0.37638545953360686
ENSG00000156261,CCT8,CCT8,0.37530671296295837
ENSG00000157303,SUSD3,SUSD3,0.37520490397804784
ENSG00000159377,PSMB4,PSMB4,0.375102023319611
ENSG00000119922,IFIT2,IFIT2,0.37499228395061635
ENSG00000100281,HMGXB4,HMGXB4,0.3741349451303133
ENSG00000137767,SQRDL,SQRDL,0.37395061728394685
ENSG00000254087,LYN,LYN,0.37391782407407137
ENSG00000086598,TMED2,TMED2,0.3737645747599403
ENSG00000063046,EIF4B,EIF4B,0.3734147805212594
ENSG00000122694,GLIPR2,GLIPR2,0.3726328875171434
ENSG00000165669,FAM204A,FAM204A,0.37250492969821447
ENSG00000125445,MRPS7,MRPS7,0.3724065500685833
ENSG00000184575,XPOT,XPOT,0.3721739969135796
ENSG00000198833,UBE2J1,UBE2J1,0.3716658093278448
ENSG00000140455,USP3,USP3,0.3708314043209855
ENSG00000159720,ATP6V0D1,ATP6V0D1,0.3706530778463607
ENSG00000162980,ARL5A,ARL5A,0.37053990912208296
ENSG00000242372,EIF6,EIF6,0.3698551097393659
ENSG00000118508,RAB32,RAB32,0.36972222222222223
ENSG00000100242,SUN2,SUN2,0.3694185099451267
ENSG00000185608,MRPL40,MRPL40,0.3693927897805182
ENSG00000092148,HECTD1,HECTD1,0.36936706961591004
ENSG00000167770,OTUB1,OTUB1,0.3678650120027427
ENSG00000167118,URM1,URM1,0.3667693329903945
ENSG00000173372,C1QA,C1QA,0.36553412208504793
ENSG00000225556,C2CD4D,C2CD4D,0.3645953360768175
ENSG00000205302,SNX2,SNX2,0.3643001971879247
ENSG00000117543,DPH5,DPH5,0.36424875685871005
ENSG00000081320,STK17B,STK17B,0.36409379286693677
ENSG00000081059,TCF7,TCF7,0.36400462962962654
ENSG00000108528,SLC25A11,SLC25A11,0.36355881344306945
ENSG00000167460,TPM4,TPM4,0.36326110253771965
ENSG00000187051,RPS19BP1,RPS19BP1,0.3629147376543185
ENSG00000104823,ECH1,ECH1,0.362451774691354
ENSG00000073921,PICALM,PICALM,0.3614178240740728
ENSG00000167895,TMC8,TMC8,0.3613320901920401
ENSG00000198856,OSTC,OSTC,0.36131601508915934
ENSG00000198301,SDAD1,SDAD1,0.35954646776405996
ENSG00000007255,TRAPPC6A,TRAPPC6A,0.35789587620027336
ENSG00000162385,MAGOH,MAGOH,0.3575231481481465
ENSG00000171469,ZNF561,ZNF561,0.357222222222222
ENSG00000180096,SEPT1,SEPT1,0.35603373628257595
ENSG00000160307,S100B,S100B,0.355935999657064
ENSG00000063245,EPN1,EPN1,0.35491683813442976
ENSG00000116874,WARS2,WARS2,0.3547839506172836
ENSG00000100354,TNRC6B,TNRC6B,0.35436706961591025
ENSG00000004455,AK2,AK2,0.35433620541837973
ENSG00000167578,RAB4B,RAB4B,0.35418188443072596
ENSG00000198791,CNOT7,CNOT7,0.35403270747599064
ENSG00000187735,TCEA1,TCEA1,0.3540046296296269
ENSG00000072135,PTPN18,PTPN18,0.35380637002743154
ENSG00000140350,ANP32A,ANP32A,0.35380122599450814
ENSG00000163687,DNASE1L3,DNASE1L3,0.35369320130315496
ENSG00000162735,PEX19,PEX19,0.35359739368998555
ENSG00000116095,PLEKHA3,PLEKHA3,0.35320644718792793
ENSG00000136279,DBNL,DBNL,0.35219135802468693
ENSG00000109220,CHIC2,CHIC2,0.35173846879286613
ENSG00000085872,CHERP,CHERP,0.3517127486282578
ENSG00000125166,GOT2,GOT2,0.35054783950617263
ENSG00000141933,TPGS1,TPGS1,0.3504320987654304
ENSG00000129084,PSMA1,PSMA1,0.3503566529492427
ENSG00000105926,MPP6,MPP6,0.34990547839506153
ENSG00000140365,COMMD4,COMMD4,0.34868291323731077
ENSG00000167088,SNRPD1,SNRPD1,0.34861111111110876
ENSG00000112667,DNPH1,DNPH1,0.34856288580246547
ENSG00000254772,EEF1G,EEF1G,0.34851766117969507
ENSG00000000419,DPM1,DPM1,0.34814621913580146
ENSG00000075089,ACTR6,ACTR6,0.3478566529492455
ENSG00000010295,IFFO1,IFFO1,0.34717399691357964
ENSG00000110324,IL10RA,IL10RA,0.34698538237311244
ENSG00000092531,SNAP23,SNAP23,0.3468998628257868
ENSG00000182220,ATP6AP2,ATP6AP2,0.34659722222221945
ENSG00000006638,TBXA2R,TBXA2R,0.3463989626200274
ENSG00000096717,SIRT1,SIRT1,0.3462857938957474
ENSG00000169682,SPNS1,SPNS1,0.34481974451303093
ENSG00000179918,SEPHS2,SEPHS2,0.34424189814814465
ENSG00000106829,TLE4,TLE4,0.3442024605624118
ENSG00000157216,SSBP3,SSBP3,0.3438989626200264
ENSG00000173418,NAA20,NAA20,0.343826946159122
ENSG00000183617,MRPL54,MRPL54,0.34254436728394705
ENSG00000165819,METTL3,METTL3,0.34207283093278346
ENSG00000084234,APLP2,APLP2,0.3420265346364853
ENSG00000006015,C19orf60,C19orf60,0.3419718792866898
ENSG00000014641,MDH1,MDH1,0.34187157064471485
ENSG00000170456,DENND5B,DENND5B,0.34094114368998624
ENSG00000213585,VDAC1,VDAC1,0.34059585048010604
ENSG00000126883,NUP214,NUP214,0.3397728052126177
ENSG00000178057,NDUFAF3,NDUFAF3,0.33907407407407164
ENSG00000144895,EIF2A,EIF2A,0.3387600737311349
ENSG00000244038,DDOST,DDOST,0.3381481481481453
ENSG00000115204,MPV17,MPV17,0.33761231138545744
ENSG00000108061,SHOC2,SHOC2,0.33637152777777746
ENSG00000139990,DCAF5,DCAF5,0.3359182098765429
ENSG00000179091,CYC1,CYC1,0.3358022548010941
ENSG00000143436,MRPL9,MRPL9,0.3356987311385436
ENSG00000051108,HERPUD1,HERPUD1,0.33526041666666334
ENSG00000181817,LSM10,LSM10,0.3349374142661146
ENSG00000088726,TMEM40,TMEM40,0.33473165294924545
ENSG00000142046,TMEM91,TMEM91,0.3343876457475986
ENSG00000170222,ADPRM,ADPRM,0.3342515432098761
ENSG00000172590,MRPL52,MRPL52,0.33422839506172736
ENSG00000176978,DPP7,DPP7,0.33421724965706284
ENSG00000205981,DNAJC19,DNAJC19,0.3334739368998602
ENSG00000074071,MRPS34,MRPS34,0.33332561728394905
ENSG00000086666,ZFAND6,ZFAND6,0.3328701560356644
ENSG00000101161,PRPF6,PRPF6,0.3325094307270201
ENSG00000170476,MZB1,MZB1,0.3323996913580248
ENSG00000184508,HDDC3,HDDC3,0.3323379629629607
ENSG00000116584,ARHGEF2,ARHGEF2,0.33222200788751605
ENSG00000129515,SNX6,SNX6,0.3319733796296268
ENSG00000130706,ADRM1,ADRM1,0.33159722222221966
ENSG00000149483,TMEM138,TMEM138,0.3303463648834007
ENSG00000106069,CHN2,CHN2,0.3302209790809327
ENSG00000163468,CCT3,CCT3,0.3300377229080901
ENSG00000170540,ARL6IP1,ARL6IP1,0.3299980709876508
ENSG00000037241,RPL26L1,RPL26L1,0.3292333247599444
ENSG00000086065,CHMP5,CHMP5,0.3284559327846338
ENSG00000134644,PUM1,PUM1,0.3284122085048003
ENSG00000117362,APH1A,APH1A,0.3280727023319579
ENSG00000143878,RHOB,RHOB,0.32745177469135667
ENSG00000164054,SHISA5,SHISA5,0.3269287980109707
ENSG00000075426,FOSL2,FOSL2,0.3264737654320986
ENSG00000131669,NINJ1,NINJ1,0.32629543895747476
ENSG00000140941,MAP1LC3B,MAP1LC3B,0.32629436728394734
ENSG00000130402,ACTN4,ACTN4,0.32596686385459506
ENSG00000175334,BANF1,BANF1,0.32574567043895386
ENSG00000173369,C1QB,C1QB,0.32524669924554184
ENSG00000172428,MYEOV2,MYEOV2,0.32475801611796634
ENSG00000184897,H1FX,H1FX,0.3246088391632354
ENSG00000198055,GRK6,GRK6,0.32335305212619614
ENSG00000119535,CSF3R,CSF3R,0.3215012002743475
ENSG00000197471,SPN,SPN,0.32062735768175304
ENSG00000162444,RBP7,RBP7,0.32055019718792754
ENSG00000183011,LSMD1,LSMD1,0.31984224965706354
ENSG00000141682,PMAIP1,PMAIP1,0.31964934842249526
ENSG00000138495,COX17,COX17,0.3192110339506142
ENSG00000012061,ERCC1,ERCC1,0.31908093278463423
ENSG00000088179,PTPN4,PTPN4,0.3190738597393666
ENSG00000119013,NDUFB3,NDUFB3,0.31851658950617334
ENSG00000136826,KLF4,KLF4,0.31839506172839427
ENSG00000111875,ASF1A,ASF1A,0.31792159636488176
ENSG00000091317,CMTM6,CMTM6,0.3177434842249631
ENSG00000159199,ATP5G1,ATP5G1,0.3175848765432065
ENSG00000167508,MVD,MVD,0.3170419667352531
ENSG00000179010,MRFAP1,MRFAP1,0.3168807870370338
ENSG00000163541,SUCLG1,SUCLG1,0.316810485253772
ENSG00000185262,UBALD2,UBALD2,0.3163869598765407
ENSG00000017797,RALBP1,RALBP1,0.3160646004801074
ENSG00000266088,RP5-1028K7.2,RP5-1028K7.2,0.3143156292866939
ENSG00000116754,SRSF11,SRSF11,0.3141555212620001
ENSG00000108788,MLX,MLX,0.3127981395747589
ENSG00000176261,ZBTB8OS,ZBTB8OS,0.3127518432784634
ENSG00000107290,SETX,SETX,0.3123379629629618
ENSG00000130159,ECSIT,ECSIT,0.3120293209876516
ENSG00000007392,LUC7L,LUC7L,0.31200617283950577
ENSG00000157873,TNFRSF14,TNFRSF14,0.31178926611796737
ENSG00000241685,ARPC1A,ARPC1A,0.3117764060356627
ENSG00000131652,THOC6,THOC6,0.31164930555555365
ENSG00000156469,MTERFD1,MTERFD1,0.31129436728395016
ENSG00000115956,PLEK,PLEK,0.3109548611111095
ENSG00000188313,PLSCR1,PLSCR1,0.3100906635802466
ENSG00000167461,RAB8A,RAB8A,0.3097734482167326
ENSG00000198840,MT-ND3,MT-ND3,0.30969135802468883
ENSG00000054967,RELT,RELT,0.30851851851851736
ENSG00000176101,SSNA1,SSNA1,0.30835883916323475
ENSG00000101150,TPD52L2,TPD52L2,0.30788558813442995
ENSG00000113141,IK,IK,0.30760266632372824
ENSG00000142327,RNPEPL1,RNPEPL1,0.30651920438957286
ENSG00000118418,HMGN3,HMGN3,0.3061554783950588
ENSG00000149311,ATM,ATM,0.3058633401920418
ENSG00000005075,POLR2J,POLR2J,0.3057388117283919
ENSG00000170906,NDUFA3,NDUFA3,0.3053907321673503
ENSG00000116260,QSOX1,QSOX1,0.3049991426611792
ENSG00000168010,ATG16L2,ATG16L2,0.3047065757887516
ENSG00000105993,DNAJB6,DNAJB6,0.3038545953360746
ENSG00000182512,GLRX5,GLRX5,0.3038194444444425
ENSG00000163382,APOA1BP,APOA1BP,0.30370177469135623
ENSG00000137815,RTF1,RTF1,0.30361604080932775
ENSG00000085117,CD82,CD82,0.3033736282578862
ENSG00000010278,CD9,CD9,0.30307870370370316
ENSG00000121716,PILRB,PILRB,0.3026200274348405
ENSG00000136147,PHF11,PHF11,0.3024517746913562
ENSG00000237441,RGL2,RGL2,0.30180362654320986
ENSG00000184924,PTRHD1,PTRHD1,0.30169560185185146
ENSG00000131013,PPIL4,PPIL4,0.30164523319615805
ENSG00000125652,ALKBH7,ALKBH7,0.30164266117969574
ENSG00000141543,EIF4A3,EIF4A3,0.3016184413580236
ENSG00000176783,RUFY1,RUFY1,0.3007681755829891
ENSG00000117523,PRRC2C,PRRC2C,0.29953510802469
ENSG00000142694,EVA1B,EVA1B,0.2991030092592589
ENSG00000198839,ZNF277,ZNF277,0.2986959876543191
ENSG00000172500,FIBP,FIBP,0.2982638888888886
ENSG00000128463,EMC4,EMC4,0.29783929183813296
ENSG00000106682,EIF4H,EIF4H,0.2977364111796965
ENSG00000133606,MKRN1,MKRN1,0.2976543209876513
ENSG00000082014,SMARCD3,SMARCD3,0.2975617283950607
ENSG00000172725,CORO1B,CORO1B,0.29602537722907946
ENSG00000130529,TRPM4,TRPM4,0.29553990912208483
ENSG00000104903,LYL1,LYL1,0.2954595336076807
ENSG00000124193,SRSF6,SRSF6,0.295362654320987
ENSG00000246705,H2AFJ,H2AFJ,0.29524155521261775
ENSG00000177889,UBE2N,UBE2N,0.2947222222222219
ENSG00000090487,SPG21,SPG21,0.2945111025377207
ENSG00000165879,FRAT1,FRAT1,0.29449567043895714
ENSG00000125458,NT5C,NT5C,0.29434992283950506
ENSG00000115935,WIPF1,WIPF1,0.2942076045953341
ENSG00000197622,CDC42SE1,CDC42SE1,0.2941966735253755
ENSG00000159884,CCDC107,CCDC107,0.29413044410150646
ENSG00000213722,DDAH2,DDAH2,0.2936554783950612
ENSG00000243279,PRAF2,PRAF2,0.293587105624142
ENSG00000010610,CD4,CD4,0.2933536951303152
ENSG00000164081,TEX264,TEX264,0.29323023834019074
ENSG00000215845,TSTD1,TSTD1,0.2921808556241402
ENSG00000137193,PIM1,PIM1,0.29213906035665094
ENSG00000149091,DGKZ,DGKZ,0.2917275377229069
ENSG00000048740,CELF2,CELF2,0.29171467764060144
ENSG00000153574,RPIA,RPIA,0.29152949245541715
ENSG00000197208,SLC22A4,SLC22A4,0.29147376543209874
ENSG00000170638,TRABD,TRABD,0.2913406635802447
ENSG00000180448,HMHA1,HMHA1,0.29128858024691096
ENSG00000143185,XCL2,XCL2,0.2909548611111107
ENSG00000178585,CTNNBIP1,CTNNBIP1,0.29078167866940857
ENSG00000272831,RP11-792A8.4,RP11-792A8.4,0.29063443072702216
ENSG00000071553,ATP6AP1,ATP6AP1,0.29035300925925794
ENSG00000168256,NKIRAS2,NKIRAS2,0.2902229080932773
ENSG00000118515,SGK1,SGK1,0.2897839506172839
ENSG00000265206,MIR142,MIR142,0.2891555212620012
ENSG00000109854,HTATIP2,HTATIP2,0.2891098679698209
ENSG00000151247,EIF4E,EIF4E,0.2889883401920439
ENSG00000125944,HNRNPR,HNRNPR,0.2881582218792842
ENSG00000163519,TRAT1,TRAT1,0.2875480109739357
ENSG00000100554,ATP6V1D,ATP6V1D,0.28734546467763955
ENSG00000133773,CCDC59,CCDC59,0.28734546467763844
ENSG00000005483,KMT2E,KMT2E,0.2873148148148127
ENSG00000146540,C7orf50,C7orf50,0.285833333333331
ENSG00000124570,SERPINB6,SERPINB6,0.2855536265432076
ENSG00000092820,EZR,EZR,0.2853703703703687
