PC1,PC2
15.157875594164986,-2.8593549762276007
-6.389976943119013,-4.543247558056028
-4.122466744538069,5.552330749242942
13.608070011174695,-5.425572913293932
-5.876155860973222,-8.970462255863705
-3.268046111299439,-8.71614769606785
13.117500878163252,2.8172499845457337
-4.661232415949506,-0.364403747594599
-9.82311105357039,-5.566854206644334
-8.346575395536933,-0.7766866005517475
-5.276488791648102,3.3187811628892727
-6.61964282068622,1.5291979001729037
-7.39474632485487,0.8660229459232677
-3.6795330792076633,4.971594583193512
-4.765132565616837,-11.301380343031246
9.47619091597345,-4.089033175822255
15.437448961731556,-4.186994882726269
-3.2648964699944334,4.315077301076577
12.36538567895933,-6.266108499205966
11.593694301784193,-4.902537695354698
-6.549507517077458,1.581757069741359
3.741148620810113,18.08519259170329
13.594106340737486,-6.455106362447267
-4.1989824489844025,-10.621298721837913
-3.1748369482142773,8.610624681255183
-5.08380104495604,6.725384824760233
-3.830837188326371,-7.233351003783816
17.591836545384552,-1.0181091799991906
-4.029304393504303,-10.225789488972335
-6.073028169534228,3.0510806626520592
17.26742724252293,-4.9720431548712725
-6.418255985658758,-4.592137473120615
-3.429690703257208,2.09975207722156
15.641040822668717,-7.234991638217394
6.315350458806774,-8.764283485067947
-9.485180489201408,-4.629079225453072
-5.362746150724145,4.863994673826062
17.408770062571524,-1.7184572853074456
16.97487135166823,-0.6927522738383739
-4.513550191124244,-0.5814328222865709
-7.4855436171468215,-0.7904265342751375
15.692227453241259,-1.6285039997102198
0.09360326352259664,14.147519159664677
-2.5340983734967706,-7.362519715095081
-8.625910293906564,-3.3177332462491798
-6.993341599857874,-0.76371080718905
-3.800687469947191,11.685890570669306
17.04998871072686,-2.3480049479035165
-4.187877131374445,2.711793184421696
-8.721945278810193,-3.4377113532170536
-5.394489487987042,-9.677647664814648
-4.328639538176625,-8.739515690334121
17.218572807690183,3.781217197444016
-6.168416010827115,5.888379317412993
-5.301605935645936,6.335884437806928
16.37161435098807,-1.1987219131794704
16.060681864781007,3.7135703694580586
-5.7509068977122855,-8.440430332869404
18.710927542630255,-0.6169951099616978
-6.086019559894609,-0.7310797437110365
-8.791463905987754,-1.7243455718593435
-5.1437252111606755,4.9595152915073415
-9.938797664145847,-7.81270022862341
-6.789084736484147,-3.3598616252795117
-6.0581253660641385,-10.318661374965728
18.732630806128554,0.918515543166131
-4.05187617242533,6.936197963468605
-2.8216012207585326,9.425237229350051
-6.380120620518145,3.0097092677488098
19.301662854543537,3.6501809863681647
-3.594608748025417,3.393020589719178
12.124949942510323,-4.864657406170786
-7.270011629446025,1.271489119491497
17.967121821594876,-1.7584036237396163
-5.946378537937994,1.0271846774961275
16.025431561659772,2.898728558196561
-3.820412321190902,6.843001811083599
-8.497390839540124,-3.0801183676581543
-8.829383653973336,-2.067060713403264
-8.655714263710204,-2.5284405713505076
-0.8998138079973389,13.338644591024456
13.178395655762955,-2.3062195079267176
-5.279818034405082,-8.6482579816782
-6.654417793360346,1.53408534136623
-3.2879774894249856,10.538894392539467
-6.425356422166224,-1.848750632665598
3.218435064004228,12.17688019735005
-2.3316725886913123,11.301234457912253
-6.611305600039567,-3.60579093516699
-4.17958475975448,9.877629511570596
-5.863479205549197,2.1349114413627155
-7.599920846509221,0.5932497926426471
-9.280188195545994,-3.760167192008305
-2.8746768256599537,-8.901660537400367
-4.373541839743888,-10.042062916078489
-2.4855139136922255,-8.84519195541319
-4.302823858992834,-10.748134470882297
-4.778951087240115,3.6048299698874557
-7.444872183485457,-0.06722946416205318
-5.394432271846122,0.529236522741306
-5.114009459392942,-9.162535288787183
-3.962887386812973,-7.30444373616999
-3.3583260588254698,12.847209165638224
12.89973558545264,-3.6601471573629794
-7.8913929547872845,-4.606939216182401
18.78185073075952,0.3160966522985364
16.181848087680535,-1.3224919138414863
0.23864501943362237,-1.9264943454246195
-3.004183677587343,8.173081234038118
-3.9336242732753566,8.628688801603564
-8.218671990004545,-0.27556970394069086
-3.170665451751078,7.323480712494282
17.881004062285744,5.6889430779469174
-7.532294397486857,-0.5372960406397038
-2.8077696466174333,-10.258748788663198
-5.91868074600404,2.59976125023173
-6.8002327235514395,-1.7703112955461537
-1.6285381973600423,-6.494406979282267
-5.387306277093778,1.9802785334704596
-7.565023694255721,2.2258191854170466
-8.940296741754198,-2.6809273968491154
11.813887945439332,-1.3744485253205256
-7.98905525329105,0.006914778751378039
-6.079349442462202,5.45692919339711
-6.46110374812479,0.03432097176207445
18.327963366473508,3.2653117164736147
16.266209647969774,-2.402163561264838
17.658623805469194,-2.721400457001675
-7.139413725706186,4.2737200079361415
-8.587074923225959,-1.8425841793859654
12.532697283507236,2.438216613070868
12.236605584800705,-2.6936633618844263
-3.6310002312032323,2.791786969331738
16.582752190836153,3.1575265578357796
-4.082076840018772,-10.61448733589918
-5.002451564278653,4.3903332130807975
-2.3168669056929527,5.991369454128581
-4.572347540351362,4.670502877326822
-8.636812342033972,-0.8570881374855955
-3.808274082123688,4.612437023276986
-4.687499879830336,-11.168648440435138
-0.5146705190003625,14.036502954051732
-7.483901928640427,-0.9182942634575395
-6.57591444924189,0.43450284224226243
-7.021472735217443,-2.01237408859255
-6.396637234197788,2.405783415785298
14.281831498746167,-4.893488389698276
-0.4715867997351396,12.263215357634214
-9.720808353315375,-6.427488519023664
15.218469823460847,-0.7289919490904856
-8.82008058069999,-3.0830320410026943
-7.780728149811302,-1.547435541838659
14.041697547450863,-3.9547742979367584
-5.328156623607242,0.9761639877950913
-4.986611593294907,2.861361498069969
-4.9781107484917175,-10.911163156382315
-7.545184117786581,-1.0372078715612978
-5.369181456834292,2.783977147828384
15.010961774354708,-3.27389694573852
13.32157503206379,-0.37355364383784967
-8.833059238616695,-4.564038775217227
20.878843294085712,1.8080534276736449
-4.57715843059325,2.4517063053889814
15.237245749165705,-5.182040762442813
14.859126148771063,-3.233837102327339
-7.4381227558181955,-2.570632807057452
18.524412116278995,4.596255476361645
-3.6566292256741986,4.808614234031945
-7.583751566997695,-2.1808741863351258
-6.57887910809489,-0.5094611554633028
17.450219796395825,-0.5191725379836085
-6.680558281095959,0.007071842820060484
-6.724729350282592,1.009877720727627
-5.024049678476025,2.376236990616568
-4.46892214856342,-7.091917507659418
15.593512734514995,2.2087318219962637
-8.408992416551609,-2.7467485790387394
-2.290170501429876,9.734593448902732
-8.55027834789598,0.660065503005566
0.5829438196901655,17.010431988903157
-8.076914992387573,-2.538652614319028
-5.252080911894251,3.3049064215772948
14.119327233462943,-1.6705477684521493
-6.7558987989626305,1.2326205132445134
-6.53986151255598,-2.502626344114634
17.88548480893205,-1.8288669818701444
-4.821892060743381,0.7151942994758438
-7.055561272890144,-0.5792314551626144
-6.796860538056276,-1.3554495912538624
-5.423695943841728,-0.21397737722435564
-6.302154295100304,2.4516822946401327
-8.132289911004445,-2.9328978278416122
-7.904852484266669,-0.1000259247011844
-2.946144116500443,-8.661399758065476
-5.019098115590385,2.8107129575172904
-6.272333285106795,0.8517821875443768
-1.190621775049914,15.483956934977606
17.709126035903253,3.6662925299123867
-5.070852512164727,7.302102430593454
14.316854788785562,-4.069052290874577
14.289608110376781,-1.1383576281395762
-7.4191346154612585,-0.9052470982722587
-5.321395529488806,3.2937669253644484
-2.1665097279034953,13.778738524320264
19.58216423436858,3.0320110617068865
17.85906878135453,-2.0071830506831505
-7.705853034459946,-1.3215675014525743
-7.1180782061787164,-2.395902501708651
16.749288905423057,-1.9869893940704448
-0.20361452027382304,13.630360327930417
-4.819190461841748,2.8479641294771962
-4.53023847359899,-9.438299479743753
-4.5682963082810994,-10.202772427172661
16.71051347471718,2.6676591308075808
-7.353409570725451,-0.3855767088173068
-4.405742969620609,-9.012463150433279
-6.772361940600299,-11.200438141567162
-8.591064057589646,-2.1880524248267794
-3.5453580977054595,-7.98406675510907
-3.011731332364631,9.103547306133889
-5.62820329830159,1.2380760363985712
16.37381007669093,0.21192851187126274
-5.857078030506168,-0.07432210096322908
18.43443751038358,-1.1753837059137724
-0.4174910188616633,15.198211152565374
12.266634423043559,-4.444495002071752
-6.171337912959049,6.027710174574973
-3.0552886881922268,5.220415940142239
-8.409054208582788,-1.7605700702817821
-6.95260386919377,-11.047045109757144
-7.823435245284496,1.7826330534496482
3.6189820235637415,18.83922016265953
14.551217645028652,-2.4739096642267553
18.886843423748804,-0.18760127529208967
16.193693293749465,2.3681522833885817
17.291637432573744,-1.1957354249320433
-4.81158360864299,1.7049910386628124
12.805100282608226,-4.733286085062671
-5.15953090951106,-9.827811290350606
-4.904216608619523,3.71309642602016
-7.82322892529994,-1.0829431859793444
-3.2738671301474565,7.270953596916392
-8.08456503820079,-1.4878932277727812
-5.3004999223123646,3.5761614482582034
-5.868619596135735,1.5083523105585928
-3.681873069403793,5.710818637223672
-9.205255772079328,-3.51714726988141
15.628475357418843,-4.097202942559682
-5.6146587707523565,1.4229541853455303
-5.441493303515313,0.022363628284904256
-1.8674528082809767,11.598546990146708
16.49191814364265,-1.2986440313616419
-6.263953443593348,-0.6470475295083548
-8.369658023596616,-0.34538045935243306
-4.641342949709936,0.942946533342953
19.1530054736532,-0.597932664154722
10.853103253866026,0.23117149875590415
-3.510804525433728,-8.288829533329194
-6.389294708833361,1.1931195403555395
16.806042390407082,-0.3006790852820022
-7.743472259429663,-0.6672843826734693
-2.2219820857997217,8.056384562193088
-4.543243224422806,-10.653685454467258
17.900747393687276,-2.126506559518588
14.344710763211896,-2.8616238079446603
-3.8289517086501794,-8.82880464828679
14.82403280111657,-4.663960316715499
-6.239607255781077,2.9495132507101633
13.785158006360446,0.02934820858956462
-5.529690970906605,0.8243467478930652
-6.309558677989659,6.020182227918491
-8.756444949567282,-1.0739445421945242
14.442517480525591,-3.7529386722067337
0.7565911632979272,14.648629735911829
-3.64693994924061,-7.768179226534419
-5.050968337511249,-7.99390148266567
-5.476223101355228,0.3910254652328424
-4.689596270708827,3.740767447916245
16.283640181374295,-2.769963528913079
-9.853954901994989,-4.069351439160877
15.949193175647427,-3.139079140835276
-3.2849009766891677,4.273417835697086
-7.00786593289802,0.4958023112415334
-4.532524987461114,-9.366538267483264
14.845527097335403,1.1106869969628135
-7.412810842732144,2.3085629411329203
-7.772998872896072,-1.5238185331057532
-6.614273010402949,1.858114305967315
-9.097176429445895,-2.8174941632890302
-6.054156981238459,1.6087588066359877
-5.982566930979481,1.6724968116381351
14.794332078803164,-5.299334480398389
-0.10596429525003166,15.47460529368657
-5.5748972306701505,4.749700805252619
-7.599811798518589,1.2446552681298542
-5.393063317865375,2.442616763295159
-3.883783656886298,9.432159023636421
-7.08590367767962,-0.43172630322307126
-8.459158952831103,-1.3029843908845762
-6.4550812018649975,-1.8470344436221875
-0.6615990673725014,12.808871433946914
-6.177933832271326,1.0663078918046798
-4.5263867062199,-8.908301255683762
17.059543547800622,-0.6882864879187706
-4.1555366480607905,3.178763716061082
-3.760471004967486,-2.7264088650075493
-9.38815655848153,-2.7876909787044357
-4.000889318709236,-9.52716330240985
-6.178562228882654,-0.8443802957997071
-9.110057305040641,-0.668327289840839
-6.266484083568092,0.8929495264654226
8.62779324152799,-1.7617445827632205
-7.314018852285637,1.9906526600402217
16.136127108305008,3.546613290568095
-7.532673961385832,-1.800899193397404
-0.8716898074665553,-3.288640415382891
-7.745442005255585,-2.6078994609415482
-2.951876794989128,6.344003756578698
8.209799423819105,-5.90414911789489
17.438332987054633,-1.8048001757710062
17.305440003855473,-1.1208156015791209
-5.389926592833385,1.8311748088236746
17.005653430867223,-1.386094062173027
17.023055000425597,-3.9373205222319365
-6.037685071616716,-0.9949596355270739
-8.88448257119115,-6.740673315167096
-3.438767728777162,-9.292171076939779
-2.9721760595806974,-8.643338050472725
3.3531511338814166,15.876344823708031
12.199418569303871,-4.531104514166683
-4.626580986624626,-2.22224282045705
-5.964254510068399,6.610032863395967
-1.2574768047568445,12.302821829585804
-5.013637516545447,-10.76694956458566
17.549826015035816,3.9884148043176837
-6.300210743310954,-0.45596317070997283
-2.321880543990268,9.582471722180822
-6.271526309282792,-2.3632399980383156
-9.43687951735062,-0.8730227410743119
-5.818675122936503,-0.1343959231728738
-2.204030942211493,0.8015492385218854
-2.7691369228947926,6.72069205917915
-4.445029168126542,2.3779908073409204
-5.533715263077542,-9.490253769157247
-5.546438163787457,6.264680761827982
-5.996740110460508,0.01068806762351375
-6.942697132410935,1.3946067669911706
-8.516541322116542,-1.8895028333858837
-3.9044334175592654,5.382351448736122
15.378761999608377,-1.9061964838830896
-4.484705136994856,-9.732889835172328
-5.489225401778481,1.8478766021572222
-8.5453240199845,-3.2709998990450884
0.33540688908314703,1.6809859502638336
17.576350751492036,2.197189842818707
-3.212163531211399,6.275844767039474
-8.296909797399389,-2.695014035566239
16.366959065293223,4.590531536136777
16.257787296675406,4.546001666917498
-6.0534713632042445,1.4447619627149486
15.061273375539706,-3.326468784902986
-4.370779378922992,-8.13988454437909
-4.896660038652909,-10.067409949582053
17.397577134313238,-2.521376518251639
-6.667616984677909,4.523622653697535
-7.281634933766361,-1.3841505834970969
-6.083621108994934,-12.12676378820448
-5.921667454687895,-1.0817828004161756
16.711688139904258,0.9281374923426161
-5.847010252850379,-0.3192280099210671
16.45519927160845,0.3909550729813273
-9.206478824374214,0.5476564949372558
15.346812688721988,5.8696346363557
-5.874222634688756,-1.5958438894534193
-5.865520205782057,2.3996285026945494
-7.5829107296297895,0.5432316596537732
-7.625481524712593,0.13728858988829445
-9.518963712568924,-1.8689556949453743
-0.3375481739951472,3.514357346861512
-8.168089239683587,0.3121921199210128
-5.6624489559595235,1.8921641015471964
3.1145919439840104,19.065491028262116
-8.788253073164663,-0.5286740627401411
19.386233182157422,-0.9602993069060356
-0.936942419957041,13.070193602529665
-7.692199806877603,-0.07078045396248914
-8.848944525437274,1.0564690154954115
-5.480758837490804,1.8166361819745374
-9.345038061165818,-1.508274360365831
16.790685458744456,-2.3370962090601335
-5.029500819421069,1.5040297089486743
17.559740340695765,1.2129077756427613
-6.876115503127455,0.2110874644826524
-7.631785081928882,-0.3270327858567087
-6.517366930438152,4.119414188816635
10.596040920584805,-4.548445837998756
-5.009504539212961,8.703008045616478
-3.42096507422929,-9.898572451803082
-8.346703176509145,-2.4746249763750883
-3.869539193885507,2.1601548762225384
-8.293654847733208,-0.34215400626864934
-1.2160974213989926,12.807280780977214
-3.350001586284271,-7.521010126978475
2.182407089195102,13.19197991047891
-8.278279768678715,-3.449473787925553
-6.250113587970876,0.12998481860164332
-2.655366431077324,10.143417412325833
-7.87667705009221,-0.9891536178574499
-6.447647607444453,4.321168299317798
-1.5665348190780477,13.875355873067207
-5.606446438089971,4.58826524021038
-3.289481807302232,-7.562159684130217
-6.4761860279277075,0.41914872071702014
18.394265887339174,-2.620342337219808
-5.30599070025306,-7.898085369491064
-7.510379267990191,-0.3654386380148696
-6.768627121028256,-2.686440167039637
17.863557850652814,-1.293772552970458
1.9734551930656548,18.756894695113594
-6.52352189655244,-0.12709090198291378
9.420547045937138,1.5018417610309673
17.72203550434671,0.5438337438191778
-8.093490129147053,-7.651727065490036
-1.0485884806920809,-9.123814665771537
-9.468801329267434,-1.1634065880771283
-6.470348741988851,0.01931895540616021
-7.566566134868886,1.356721228187636
-6.21218679101484,-0.2735173300464021
-8.035661918679375,-1.0593909132673713
-7.781750217847489,-2.3025754188206555
7.212288293488117,7.156263910169561
-3.8050614149812008,-8.469734754673599
-6.69715352387325,-2.0658882925918163
-5.881458469021677,2.363408392825747
13.158756765362217,-3.3217550280140316
-4.189427534056466,-10.457596800928059
-2.9768364943889387,12.700283280646225
-1.6454133577486345,-7.155568223876888
-4.8106007306058745,1.2646756679105806
-7.57421954738647,-3.0070700628974993
-4.660442865057213,2.6503003183461753
-8.343764595809814,-2.0538643052275174
19.7208824508813,-0.49970596817407403
-4.418862959208317,-10.036266240897145
-2.6466199358002447,5.749387224177526
-4.371394673858539,1.3440421177424229
-4.877910986295775,-6.411712555038081
-1.0050220392345115,-3.9023091589166627
-6.759666432207306,-1.8414972953992106
-4.833700680269907,5.425606586515225
-6.6761774812878,-1.7359419103314677
17.186275162704522,-1.222166775082013
15.717926277730399,0.7835245219092213
-5.356064264830948,-9.19409877407705
-6.675302365033944,-1.256225190622056
19.02351629708235,0.841425970024201
14.368967753489601,-3.777384695257327
-4.353887447608502,2.4107616587173966
17.23714885931238,-1.0550892934933893
12.710678107658822,1.0707002104281356
-4.703302775439126,-8.606802387972758
20.808586305454767,0.6131323122743727
-4.736644775387293,-6.85002832254481
5.020402696850259,2.7173222831530435
16.10917748612037,3.5329129854854227
15.653228949378796,-4.520540169519252
12.058004442527494,-6.231078320296317
-6.124029147870125,6.831105797956819
-7.620528043443971,-0.8574649976017629
-8.248313320647096,-3.073311036245577
-7.028116264579987,0.3416921555164262
15.064081440772112,-3.771545910618664
-4.983991283107607,3.061729158866613
-8.759871960588626,-2.576340886685563
18.97510620510075,0.6075781914084507
17.343881432691553,-0.41423858395109464
-5.840149093153497,0.05330627525463278
-5.386467297574038,-8.463746948863383
-2.9546881268453276,-6.507320077779162
19.253041577976294,1.1189257888250392
-3.1167883020897986,-7.558189964242298
-8.119718245098689,0.5905033875698359
-4.128524405965047,3.42115550287043
-1.0411486379880273,13.80714237125264
-6.919356765257685,-0.3525787252564086
-5.535445584784451,0.6383939456193316
-5.640861151378394,-1.1055549237701494
16.674565627888924,3.4923276983419047
15.837225964166477,-0.9066311590970243
-6.5431452161485835,-0.33046754962841535
-1.652356572040696,12.194567667851853
15.501560063548254,-0.31620884706043106
-8.481751932926162,-4.665586396501031
-4.070067349906913,-8.251048109686227
-3.2405473402088134,-8.45726506358085
-3.0063483392585417,12.768153067535891
14.567610643248845,-3.9468868215001867
-6.48858068152935,3.81645168648914
-7.086875731427352,1.0024799432309253
17.80951061556356,-3.25066710235768
13.872403341603755,-3.5702953482356037
19.268189373168433,-0.6180792797066036
-4.308991342680832,-9.547513871537202
15.89960336743552,5.639270349074186
19.17751093091804,-0.4632443867637515
-10.04573558777023,-0.9517749222001259
17.7718283175961,-3.105836025082167
-7.2911111761517855,1.3475186965406547
-4.765368429306442,-10.401841378805898
-3.6183764116309014,8.8667330665061
-8.17680649103203,0.05954847376043511
-6.1538929566652945,0.44533594553319383
-9.112345196852456,-5.882009858246414
-3.037686777359666,7.399543293243833
-6.2543989807669025,1.368972555330747
13.012356591382943,-3.29768772387056
16.726746885498137,2.254221496058737
-6.062527006792126,3.221019887187769
8.711757114745764,-0.6052925508451633
9.318038164246522,-4.927257360229887
-1.4734228515460057,-3.1534894524552692
-2.80709704661477,-7.261023434288471
-6.692959176616592,-1.0996690418122337
16.055395935210143,1.118702950524211
-5.241823552175489,7.349857030676843
-7.994869666505099,-0.34723836085029697
-7.53627267596091,-0.8972577023206877
-8.082897035189271,-1.5027940195720833
14.482248436569693,-3.3699273689173306
-7.047754602457025,1.7509182256626308
-7.464138917890264,-1.0076871456654695
-8.422334751137331,-0.9216728793708964
-2.135097994530919,-5.146095124424962
7.50548907758279,3.1961132068771114
-9.58148701436487,-2.8409873815620448
0.6377024411563479,16.19441740790984
-4.889788968999033,-10.321658953116229
-7.001276114353257,-2.2391460982794955
-4.953097766337717,-9.342291458568994
-6.266643938678445,0.45494870835675894
-4.927198773001365,3.8540563470556304
-6.891631534103784,-1.9506245766841104
2.1731669345352533,17.598181805581106
-6.575437166934486,2.3189831018034908
-5.334813826229705,-0.7352350886885602
-0.15928083687633887,12.955622237255344
-5.261936199086022,1.376261605754689
-8.359325252059485,-2.432559634020101
-0.13573022539076965,15.016001968678344
-6.382520978557466,2.4877225284347713
17.640598662447168,-1.84268886311918
11.412013645460116,0.20156299414394246
-7.706146640732667,-4.2143057839028755
-7.968231803970725,-2.4948308802110755
-9.022876650023584,-1.086801803002411
14.218918967740905,-5.6478579882979245
14.127275097335092,0.9312043263609351
17.13279543160513,-2.2574730141913504
2.288353936918736,16.24194509208232
15.642370002913898,4.309294242568489
-6.346357288148149,-0.6314897251212919
7.6647254413254755,2.832036220283385
-6.583200095857368,0.3135243312692253
16.15912712003536,4.866507484446487
-3.2201980046506797,-9.118822123344655
-8.371330552247832,-2.693029727476758
17.681628989559762,3.4375217340008652
15.718808999095153,-2.4558321155958316
1.2764840158192186,15.718292033272965
-7.51839226409971,1.7830676661379883
15.976923479504928,-2.4745875585067636
17.94371845137041,0.15525317536670336
-8.338342358998569,-2.2252285604174085
-6.604814612417214,2.1573404970411305
-2.537019453413739,-6.5712757539004345
18.591703715309436,-2.1341903425815323
3.6431159656266905,17.609531140725505
14.405781400596496,0.5039606956813089
16.005107342972984,3.00263482103717
17.619530217049558,-0.2094631932887506
12.453088707469314,-1.6251416466789694
-4.774270149971409,-7.490924582246787
12.256242400043682,-5.587084459389486
-7.094929495874318,-2.270815048903719
12.095856080671005,-5.656722490009046
-4.694702486973038,2.268180718915751
-4.595613837819912,6.516175825283891
13.407704919641958,-5.013694057765386
-6.165091515223758,3.1569480061406265
-6.576564199216266,0.1667277604654432
-5.770789394261347,5.185718505989629
10.552728361649097,-4.076821321909278
11.712016069048062,-5.483530760769403
15.358451590295104,4.901523416881629
11.397414974229514,-2.8095983869306456
-2.0815411208982617,3.826509562456153
-9.788895410128356,-4.473494531109101
-7.409890628885644,-1.6370699897217358
-5.637328643891868,0.5533677253970648
-4.11542912763805,7.829370726572883
-0.6453067960244189,6.7856772216655745
0.5157991492533489,14.922430024998135
-4.474276775539243,-10.511735391172703
15.605461563970085,-2.3831122012734287
-9.324682970583813,-3.1207296163724028
14.153597459377337,-4.895877073817337
16.78553336388938,1.7501072288607007
-6.601358787797772,-0.6203533785230683
16.035566826881816,-4.105700005019751
-7.194356389141895,0.21071887495024397
-4.784721470106649,0.8160074520258278
-7.849098029363992,-2.406036741364945
-9.240978632306684,-3.3035352645973806
-8.825644891704707,-2.2955929968659876
15.726097854576524,-2.8663017540005176
19.982208380657433,1.655582381245491
19.140798684046427,0.33133052649967326
16.167656416398504,-3.6819784440412877
-3.7008567698777073,-9.402407224039337
-9.363774879852715,-5.075997206065271
-8.947123883320195,-1.683734419138558
20.728910750584117,-0.24557464525186712
-3.5307770270890115,4.938655974974427
-7.239611950610295,-0.6679359524923005
-7.248621953998658,1.3938741160126304
18.799358016590357,-1.3237584471879769
-6.657127158511718,1.7751702928641901
-9.073637062939667,-4.640297255589296
-6.026297680954032,4.630375150622141
14.483409256504359,-2.9911172927886533
15.395414587516665,3.4587994543543226
19.95755376232453,1.3164977481001598
-3.9006364682633725,2.9392462503645236
3.2140624714227957,18.303600103545627
-3.3866991585675366,6.75907309434603
-5.542370016621392,3.5681645584388515
-4.324477707282073,0.9555251902702484
-5.376547856663949,1.5458030374441993
-7.5703475822053825,1.0241877972581777
10.968438513985584,-7.40913004114306
18.51531107777974,-0.7523698955115885
15.758229394742466,-1.639412811341777
-7.579977127574961,0.5344192187970876
-7.30384401794398,-0.11060504350789006
18.779505738541765,0.42599795544941876
-8.849932604408023,-1.2198914575895636
16.43604038649104,-1.603709309078285
-2.704523272510401,-6.6014822932171
-8.998480098273143,-1.5186842677319456
-4.115051030835257,3.9911678737013085
12.521679134138676,-5.768612353198189
-7.944736393462484,0.6010743181949149
-3.206034674439445,3.2442139120352937
16.691971100177117,-2.9519301464588064
-6.729549401572852,0.20263875675946516
-7.45425803050537,-1.5671079982757157
-5.446280756781446,-0.48871073427479333
-5.273052307822533,-7.8310878816025475
-0.4234036402943561,11.847943156534075
-7.917346442671301,-2.0182962121247168
-8.805961713037355,-4.124401678953908
-0.6158712916597991,13.628976384261593
-4.561891716041464,-9.072676357048556
-5.812716792375561,3.0674047290713746
-7.7679917723028,-0.44644726851128524
-4.844308235495173,5.75515397246043
-7.89041528502982,-1.706658605298164
-5.90952677170495,-0.04838704157994051
-9.689533752474258,-2.940735525595638
12.11619960120105,-4.820172086173126
-2.772641535025153,5.446083066613773
-3.6690751960259895,9.871470631883305
-8.839456661085972,-1.4412967376643142
3.3074529002444573,18.69354293063087
-8.533579453232665,-1.2329236548883467
-4.920642042295391,1.8863901736821294
-4.050235261635452,-9.41278861865166
-8.235555829779734,-0.8163742815693359
-6.821583915056105,2.6361199448411177
-5.316134488770966,-9.522524849786747
15.37443736035993,2.1214804189382668
-6.476778386520773,1.1513376824511072
-6.495677359612059,-2.825909965074285
-3.204382340019014,9.809170647677421
-5.864441231380966,-1.3099676968692788
-5.427747342821192,1.3492117753332635
-5.899684839455144,2.627153642825049
-4.973100461022547,1.4024921071674075
-4.028098751168227,2.155924756861685
-5.9213291592078905,-11.142288672719225
12.591264072873246,-3.092710302232183
-6.43505498752377,6.058381825845955
14.294120961454382,-3.2964035971695225
-5.514944501907398,-7.803820254695597
-1.5547406896696936,13.02556147870096
-8.06001961397863,0.6839132335204829
-9.060043709756819,-0.7651675394812651
-5.337618788919514,-6.8787857371541
19.61628444363552,3.6092227051083077
-5.264565035519636,-10.81839529752114
13.2358472160018,-2.5760922723505253
-4.341395767155779,-9.512981474747775
19.596653878296458,1.8651910628278132
-3.1493400002159126,-0.3083703391589547
-7.267611009993351,3.1829040097662467
-3.1328493157710273,-9.64411933592398
-5.709871323803055,-8.874857353704002
-5.346764937835868,-0.1298686372634686
17.10727387209401,1.9859362126727789
12.515670303373298,-5.395197044106006
-5.7660424226324904,2.689812329908912
-5.7804675772996585,0.5129434409315703
-0.8404677078480177,15.260822819850137
16.279383691084817,-1.4579462527698615
-6.8022708262603,2.73444095660843
-7.645272926827197,-0.36208462964865124
-4.791155511341053,2.374613785837928
-1.8920165435880423,6.451759937179656
-2.83943666421521,-8.551695375447592
16.00367215274875,-4.121026999465447
-7.495301682323417,-1.1593614050437426
-7.330127253505924,-0.15844947465794174
16.493168540795686,-3.361694652128446
19.196879958414602,1.3025233496215363
-3.878302765658442,10.167435409047375
-2.8750337908917842,-10.197857912116351
12.183727847893303,-0.8968397600041622
-6.5178102167917045,2.954440908749938
-4.89210429434447,4.318267070222658
-6.626101433636609,-0.7955803100277995
9.219919283405247,-0.22661578449565262
16.74358466157099,-1.169607505656631
-7.469545044091497,-2.1671091238298916
-6.4970215946909695,-0.787781554067659
-7.219417184977376,-2.60108649497203
-6.1273595627874435,1.6082290525851748
-7.706244892451,-3.9076802375412756
-7.990483928683089,-3.707407850809482
0.2994863163865681,8.806924722175923
14.32552161623595,-0.5211676776338009
-8.542937661726572,-4.536114047462674
-7.6231222914990155,0.9137397319835623
-4.692008916903658,2.2905066162972485
-5.737076109761249,-9.188912188338284
-9.938093257254977,-3.4254566178287815
-6.227450516444407,1.2961015115108807
-7.185032291504212,-0.8917413783899659
-8.23903439080885,0.5764936184264771
14.141373014149528,-3.268529403988393
-4.353481814826632,3.8707285877989865
-7.3176538746643445,-1.2659972173556466
13.698534264286229,-1.754155096960368
-0.053550396297406336,14.096217343506193
-7.771738530460036,0.35127605979115756
1.7665901066950938,17.248094059784265
-4.163909544179526,2.2444103716277835
0.5583204228350217,11.767044336640282
17.355851818969562,-0.4263087802823017
-8.504364763277096,-3.2191685051080587
16.481389717729304,-4.423519983976046
-2.5907065220722405,-4.1293849311759345
-5.387284741916341,1.852277153165745
6.413807121699945,3.5696855752400634
-4.548873192396976,-6.875807025707568
-7.317045098810436,-1.9352092836463277
14.859881785728987,-3.8199358015132834
-5.411691731681271,-0.6242458581021061
-0.5984076127826998,13.36310874630101
-4.531487978444905,4.283378090999225
-3.990634504143598,-6.455425782838146
-9.704003111615476,-2.964398761418106
-3.209327409932139,-10.643689402836806
-6.126027361145512,1.1953484227889577
-7.505221842178604,-1.431968786826945
-5.736177689446414,-9.517794872226595
-7.062290196910344,-0.9050977225223938
16.765351881396153,-1.4055094874082636
-6.885311214332568,0.7130288537226792
-2.649159192987483,10.118723293748024
-5.281991859498189,-0.5893199583055939
1.9550961350783815,14.081663046823872
-6.609420877430312,-10.770850946994186
-5.955530381073148,-9.331472328596048
17.22668186193937,0.6413712889755124
18.49368983992486,-0.8614799156500625
-5.360244675267687,2.0266613907604776
18.16872194450798,5.890857000442316
17.006679634879845,-0.8281426192584729
10.169369706795948,4.882712418454438
-4.5532197580783755,-10.211007798256318
-6.128865243243882,-0.5343626590223732
-1.3221246866111631,13.761274575145999
14.576749574548002,-3.0677743275456195
-6.8879345040647495,-2.161400317472724
-7.641226426273294,-0.7631730446240729
-8.920767588407871,-3.7172625183107146
-4.700498418365685,5.1507281499380095
16.44725806039031,-0.6737693239957291
-5.347538541878877,1.648435894965082
-6.62461568833831,0.8834236849677233
15.146408197230624,-2.7630121382759913
-8.346944032350967,-3.682219492875243
-0.09513507386241118,15.125449567070705
-4.579648495664505,5.839563948852283
9.62536709749277,3.2478507829243
-7.79160671014401,-4.114201876668878
-6.188403427379413,-1.7785795019989121
17.079105264124447,-2.5787543162400484
-0.20432655073535874,13.759095549535669
14.111535255339971,-5.087843202291968
-7.372896407606893,-5.404396959733676
-4.039337861963519,-6.833010066893234
-4.966264784060586,-1.0709601319505735
15.713039328272364,0.7493296637475176
-6.8310927237811425,-5.670271830357374
-8.758018719694087,-0.6564561424926447
-9.560488851370469,-3.8994445951822847
-5.582836913239324,-10.120070817176112
-6.714864229750247,-0.6856000823111272
-4.342515528870586,4.5095124203444925
-5.694256080169346,3.3549124873318563
-7.966802831810256,-0.3535351641858346
-10.439942670259445,-4.121432045019098
-6.617130810651957,-1.0176240134332266
-7.375333160426076,-4.32891871036149
-5.239547859003209,-9.155867932196784
-2.576626480329352,11.745278919987664
15.290512216038563,-2.377542785866369
13.429145745713747,-4.791110233087329
18.661991487217783,0.4153587461950942
14.585584432555342,-4.1392740657000235
-5.2419003002891165,6.015253271674166
-2.817972842595723,4.878937400471636
0.2888649900774897,13.35801640798549
-5.372027221649994,-10.100501096082287
-2.395512267074336,-7.8665086323697695
-6.243033686092565,-0.025143313004155576
-4.60947769827427,-9.439793844918501
-6.099328141699048,-1.6355894413107588
-5.851238954773425,1.637330161800388
-4.127089329713597,7.9591905920537265
16.18663418409773,-3.396021783754369
-5.0332627857759915,0.5464684671602406
-2.3266438427655487,10.361661354168941
15.268262735719466,-0.35187445392369265
15.062284786395349,-2.0210232508910524
-7.70326544164593,-2.3547225249774337
-8.356696201072896,-1.326988882306789
-7.067970582769343,-0.8418782896092233
18.52406261984003,1.4377452401741864
16.820193420362198,1.9407487081742045
-2.550056919218986,6.1949177601277885
-4.103294184058458,9.176103588090172
-7.516133911182202,-1.075030418232775
13.621705223076244,-5.274442221386781
-6.230281892550219,0.2588217420373053
-4.301351993228224,1.497413434997978
-7.274272107625623,1.0466550790824243
0.37817236926331166,1.4766920237656131
-4.455834875561042,-9.345687828584195
-7.858931601827246,-1.0827865297227008
-4.174722922698724,-8.70346790348169
-5.07173029432339,4.299178805012871
-7.019324372064281,-0.40671895589125684
-6.672602905144497,-0.25463550046993894
-5.145228264096921,1.8400327497901685
-10.58342030873144,-4.749435339187267
12.640333817952317,-4.16948781484684
17.026981536029044,0.18195144548987846
-6.486220955588322,0.7239860846177063
-6.324545387108879,1.240565139911576
-7.125398525360282,1.7724529200967736
19.043072344739436,-0.6405658646802298
13.139693601340099,-2.872382994170092
-7.584347032161316,1.1789906068373792
-8.683845787267389,-1.7113919138916014
-2.1757160649931166,10.649038029854331
1.9415246969815276,15.229575277681109
-6.010566139499892,7.168423538189703
-8.779455309029789,-2.4543991506678435
-5.6847159628074655,4.593204145416776
-4.454170441481959,-7.681057293659841
-7.370741155355635,-0.4614202891280658
-5.60362809848076,-7.434116369914159
12.360077938301048,-2.6517889861431043
17.331130953015087,0.9533852469919377
-5.558902706718978,0.5229109788506091
-7.3374752048254726,-0.7708447522004804
16.466375161024164,-1.748205328020014
15.564247732499418,1.7836709186709387
-2.755222873280529,11.196648659499022
-4.774100326870328,8.769708175149823
-4.092555404642831,-6.821553577182451
21.002465048268785,0.1483755593799714
-7.4664011211949735,0.825763842983753
-4.076131300532807,5.541266796689347
-6.216926849544741,2.8099527217995073
-7.416862111740445,0.7864512435252131
-4.488310438981657,0.23907098600909035
-3.6958401855957166,5.568409659677811
-6.99458643804981,-1.5875407636463175
-0.28010419869827846,15.520902135540556
-8.47457265394461,-0.6080327238544017
-6.967071631440906,-11.67323377882133
-5.196742844960362,-0.7354834287230384
-5.768031441023057,-9.836694132236723
-7.581177212924808,7.8118485253005785
-3.794697657544773,-7.629407882290579
-3.0347759272291257,4.929689348489026
-0.3782270015548933,-6.5377173499447565
20.333224641817335,2.1169994874921882
8.753256322247331,4.735598505515509
-5.45430916972702,1.4346404614272072
11.9155659055745,-4.413498354405047
12.248347059230394,-6.04337661008786
15.040816236459666,-5.488195306218249
-3.0360905482052347,-8.843263835160583
-3.2127346886491845,0.38381828844104
15.275781844416239,0.40853137716501353
-6.77003344287621,1.0604316864206207
-5.703633702498181,2.185370736691572
16.792648674413396,-2.109622918501891
18.474614824966586,-1.0010057337210596
12.605701009697983,-4.548940492316771
-7.790325332105815,0.6478713983284419
-8.142175013591668,0.3216334701430776
-4.4666132424158445,2.310133561617267
16.655623070427335,-2.53772534419913
-7.3558281535262555,-1.2248311256900668
3.321650353310667,17.60952363025881
10.947786756031487,-5.1254423495401
12.471928792358524,-1.2862943244511476
-5.565820847527392,5.659576898416323
16.12404103135899,-4.662080897234889
-3.980563221112821,2.931294479421346
-6.158412893397824,1.0497446710699057
-3.4974662946111126,-10.350638807331613
-6.900717117364766,1.0806586320489506
-2.4771925088587112,-7.488177644196178
-3.1167285459538223,-2.7452649667956543
-6.549772334609921,-0.537484898095461
-5.127981758257339,-11.178917178731503
-6.819193699356295,1.5330419130129076
-4.463701822147156,-9.078176697901233
-3.747396096491255,6.738078593658555
16.759470889612356,-1.09505353471846
14.839528445846332,-3.9804861658847828
-8.639977827458672,-2.3560196358723364
-9.378065336715917,-2.979188166618575
17.362911854160092,-2.2599270967511234
19.81918755416906,1.6469539984468375
-5.744846254813041,0.9210571715867828
-1.0965550290206028,10.490236611102493
-4.192558677388592,10.496614927172814
-3.9494214112972212,0.8409711536914845
1.058089701000459,15.372331332314445
-5.522805044099125,-12.322746228224247
15.555989019354907,-1.0714517936205992
-8.314546811871631,-2.09804166405441
-5.572144313366561,3.5120109507370274
-10.228471073551022,-3.1154440401859436
16.18459625317046,-1.4717579808419985
13.675279350254291,-3.1527876173542726
-0.7876628120469559,13.683622872780349
-6.886902216366118,-1.796326541625097
-8.25961694636884,-0.7125012200905093
-0.6361740357765857,12.45268769603713
-3.2597113883626583,10.008193863891334
17.994748187809083,2.53510116777598
-6.5088721685916875,2.3158450691649373
-8.806949016820624,-1.998920524071566
-5.63507101800498,2.0358720138641275
-6.667905325353391,1.578692266030308
-6.7255108993625345,1.1749717636090233
14.079729639125178,-5.018657031858215
-7.841287989588815,-2.1760380447355647
16.05753586940455,2.0792513250124753
-5.461243146159415,-10.507242800159027
-4.07135973662038,-9.71768636783364
-6.976090041905103,4.695786771440431
16.143467159520874,-2.1737161509808764
14.642714542735895,-3.848595722475801
-7.576170554506455,-5.261709986925666
-8.862536528049008,-3.6358554574511555
-5.870112681353037,1.6779913457343605
-3.0571929197420125,2.848253649060251
20.058636722225124,2.5051918778479383
-3.851311555021323,4.614217322131235
-2.900355132412937,3.4409156183955987
14.694069691061513,-3.6668924893303703
-3.9061720275006464,11.482506226824817
-3.3278572624451046,3.543669327740899
-4.776438774664167,-0.5619989382298999
-8.188480767482657,-1.3264411601757116
-5.187660666828291,7.578460063108103
-7.632201865153321,0.9527822546979232
-0.4825488535433181,14.414221575420262
-1.3420332889405961,12.909403386131808
-6.228089869773142,-1.0305330940862767
-8.427488425128706,-1.7731321515250864
15.874247023097789,1.2403282628513244
-2.0233418054922816,1.5840864638567431
-4.299802223201166,-8.046170322291252
-7.869130077607211,-2.2755260118208898
18.283887032616125,-0.6608697638798778
-7.648225984720686,-0.15162588332317786
-3.5355374274236233,-5.028795679470893
0.6327702505942342,15.643846295283916
17.867388939591503,1.953222933958462
-7.442542857191803,0.4152818777600044
-0.3795280066615637,15.48589105929003
-0.7763014124320621,14.75176460242146
-4.733587220704076,7.602184145835936
16.410632657713695,-2.9137677281643417
-4.626251196593347,-0.8393966242118979
-8.558535177369412,-4.326956059541858
-6.5603840260413335,-9.521786770959602
-2.5342645629856557,6.761635079411656
-9.193032705976565,-0.5175358494668595
-0.5895961746764484,16.463228158288413
-3.140674100924833,-6.518634509564356
-7.734480400451334,0.5690313338801616
17.752520225743883,-1.1452586367376156
-8.202284147331827,-1.4544648654516128
-6.053164997427298,1.1929693438141518
-5.0535862459990595,2.9476458612529837
17.3866399855682,2.3035555115018163
-8.902139431839627,-4.586730966144961
-1.7730748284868083,-7.855568527263342
-5.39524859475828,-8.896033815116278
5.607714671492899,3.5129459969046906
15.523098074569205,2.5149881640328955
17.200188447982246,-1.1237268091731873
-6.7881403450402376,-2.558017717946202
-4.514907924440644,1.6528734544902375
1.3951667954108853,9.172792385709867
-7.209675807766091,-2.8416255204222685
13.207321409676194,1.2994507814070537
-4.302760791892173,-1.57597347774308
11.440030252046643,-2.0695925171098475
-4.149381805891017,6.925205107792251
-5.14268752177034,1.2086877123574247
-1.0158996748803113,12.419737271937889
13.28530420571942,-2.6065084324642176
10.333781090326578,-4.704659721861795
-0.9659090707145879,12.891569668464548
13.487176630408683,-4.578836932954803
-8.504244318909537,-2.535724595923959
-3.840242889611999,-7.502909935174579
-6.708490761075583,2.10082758182785
-1.7203754060225986,3.864488822484344
-7.635274294187547,-0.6670106500529381
-4.085466053764584,-11.213960667863743
-4.530983757266646,1.9392235169547523
17.22895883077417,-3.152241361619649
-5.968867418147673,6.69189020503633
-7.755495386713849,-3.335104845186955
16.996523945760103,-2.68442588435718
-3.9600996126576518,10.098370607554191
-6.530524444518426,-0.46832112918857116
-6.534235491888667,1.4398602523098383
-4.054224595715573,1.878514691692845
-6.02665467304132,-0.6410046765481653
21.46927744968782,3.053129330449668
-4.009756508642749,-0.1309729630502084
-4.993938854535685,5.701352207131987
16.08022134629434,-1.032841486358581
-3.6240574161266808,8.120028061998244
-1.6340647427649837,10.850691924189881
-9.74730044675062,-2.4111052188641344
-3.7010846649700557,4.61774604030636
-7.845845560396661,-5.83248455207724
-6.65582325710865,2.226945707907034
-5.853301414611475,0.19113870503693126
-3.1427025767488206,3.7385395479589705
-6.6189377553618405,1.0700724237773813
-8.719109116608603,-1.3364749712010322
6.286468324812225,4.689379345027441
-5.255014749061995,0.17163153027514305
-4.58173033897097,5.192172706215562
-4.325960348046885,7.16528171491489
-6.492101170472909,-0.5263741334376889
-5.645804783537267,2.2153618661873855
-7.319667270231158,-1.1581883797568742
12.028486458281748,-5.439000277498185
13.55799191109354,-4.569905453165501
-5.489018326246108,3.7875786427233478
-2.122523841051992,-6.912242394192946
-6.083674290755358,-1.0738092270790258
-2.518854511374887,-1.1399020818963201
-6.001352295658469,4.303016220373236
-9.459679053874773,-0.20233034068361244
13.488053998701437,-4.608803342788915
-7.15290479013012,-2.191365123367312
-6.586598329732471,4.072414814741971
-5.392302042586985,-12.203950569893042
-5.789350225491876,0.60475610510316
13.545138726489816,-2.6698542323066725
-6.456873103542059,0.27499829498064016
18.29816451387739,-1.4025325896160836
-3.6660899659537742,-7.53917544867994
-1.9667842064299508,12.055040168486235
-5.573050286780893,5.997931481426816
-4.936044277422518,-0.45245619316829677
13.272741251129238,-2.9800650041038566
-5.822325598929717,-11.23742909113622
-3.9929454916245004,-6.962477810345995
-8.933219290319364,-3.4163118616757346
-4.364715857728495,8.552052870167122
-7.594592805880806,-3.486004939018265
-7.367866651860511,-3.1489872393368823
-2.6428285272478265,-7.450030784424851
-8.522323049918153,0.36944984404286124
-7.318574156436463,-1.1223019022300151
-3.7171765948328206,-8.38288734270408
-3.7321986005486987,-6.653111572607834
12.016017620003563,-4.157777712363353
14.229899952432556,0.3178164263219397
-8.220163204984377,-3.2588158755587324
-4.481353711033375,4.600735587611334
-9.41397105719049,-2.198897712672756
-4.585928999492194,7.637723560633075
15.640251600997521,-1.101296882502832
17.236153727793432,-2.332732659244228
-3.8256341364206037,4.461115303463882
-6.2629320012382355,0.005610841061149928
-5.682136508094901,-8.605445256292114
-6.07541121371188,2.8008419226331105
16.551936905977257,2.0226874462405666
-0.1978722820657387,15.882044538186653
-4.702759859417523,2.021421433683969
-1.8674878116559788,-5.3479033171531745
-8.272664549176605,-2.5004388470000345
-6.117157367791909,1.9723413320631307
-6.492889171234631,-0.7693158184862274
-8.680341787226459,-2.093940911988425
-5.917435640246958,7.256209996029797
-6.921896959171756,-1.25534942429745
-5.862787818125704,0.4892529849546581
-0.7588772318585272,12.736790782810017
-2.9239228054459416,9.577815016749916
2.307788159939247,18.09565147502921
-7.200782856179154,-1.4064646762148243
8.294142173717207,0.7093458475341075
-2.999278084594195,-6.368389697824733
-6.448165153278838,0.3639597342505885
-6.81450506485775,-0.7829679027055159
-4.473908676535897,7.8791837920527925
16.737842985972748,-2.9780155379688233
12.83572543449365,-5.075416151883307
-7.738333500517295,2.131022170311152
18.603557379577236,-1.2046489017909277
-2.4530629949878597,-7.427536040689255
19.178859695988447,0.011091400956228804
-1.8682198322142405,10.83698738261331
-5.612483478197726,3.3364477423462975
-7.636695220845491,-3.3284899779212913
-9.001721881460025,-2.442037244322593
-5.9046196065783505,-11.394898584209788
-5.388239123527771,-8.166994199948508
-6.2574308323807175,-8.021421678016202
-9.83105919528592,-4.433936511325784
-8.643522678622181,-4.062010935201245
-8.905096432105037,-2.8247547721972084
-6.263097229645393,-10.013837670909306
-3.545366898433054,-7.441405921613663
-6.682617947145315,2.359245435626497
13.31827086122933,-4.352753719697282
-4.300578656107049,-7.835026740692157
14.836118636175772,-2.170216202219694
12.310110096895055,-6.584984375601449
16.56867353665443,-1.2482202005529295
-5.958979545381067,2.2383243571631906
0.9514477265085179,11.454932404802898
14.190559528802254,-2.953040810790538
-3.1343325212923725,-7.653746484350718
-7.028009829279909,-10.638433992324632
-5.722782643760563,4.029400464614928
-1.3446611758684917,12.333588684732518
-6.13498846000213,2.7741823232948657
17.281978177072236,-0.7078816317676061
-8.62386002422611,-0.33999707991485867
-6.271413641398839,9.615715553144291
13.64409476295871,-5.528474842866262
-8.02945881086667,-2.171958909107189
-5.254417697382313,-0.11865227776950957
17.315791511233527,0.4090853837181384
-8.04474054714747,-3.503293618672704
17.950323460384833,2.8063307187763016
-4.5279389096442655,5.030915011560378
-7.192912640519135,1.9900162800978134
17.873094422140195,-3.1098607471335336
-6.437252931275676,1.8524594683538411
-4.307460763687982,-6.9388323225074355
16.625928664273097,-2.133133876669311
16.007714410644923,-1.4423079539453127
-7.486974084237657,-0.9461996407338502
-3.5375584281523755,1.7212315555580167
-5.756826515338981,2.282131266686995
14.366394579385771,-4.124993481979286
-6.797462291969422,7.369259478091153
-6.602860641846478,2.7209889846176494
-7.418264656622315,0.5801324596861515
19.364689105973042,2.888847918341093
-4.381313151273016,2.6753109107084945
-6.7291794362820765,3.326414945490602
12.453950870117454,-5.3301295591074185
-6.631870977164804,-3.407543984012286
-5.268818160107194,1.5119551857326592
11.794236024745725,-0.21392877339062458
-9.17571629860968,-8.627695692457078
-1.8741903249573764,7.60874125247616
-4.529678543491096,4.312224455621946
-4.642098417579583,7.685202816489175
-4.796229096148492,-10.664893639142461
-3.566324450554223,-8.276778549729238
-8.119044267910123,-3.54477523565724
-9.151800144026332,-2.8830502189863103
-5.772739493923541,-11.040975903856424
-8.233741816675261,-2.9077236805719817
18.44081907932141,0.5272901051896236
-7.3751073990168035,-3.5866883361855924
-5.70353054465432,-1.6357670987326538
-3.7565861813637142,0.8088298019969122
-6.606349756345333,1.0176045021378468
-7.699797946438473,-1.9604377371301664
-2.5363331711951598,-7.741370779081979
-4.210301779165692,4.961829678339058
-9.386927038426858,-2.934093324854649
-6.280584432493567,5.032801079019331
-6.448673154144256,3.3086610649181982
-7.059653617527144,-2.615217838206645
-6.087318457085947,-1.9931891653070564
-8.783295962756613,-4.654375405749835
-6.18841150391199,-12.532220201793148
-3.6622864341511976,2.1222990474710497
-7.861114225506871,-0.39791631609004025
-6.33438763482686,-2.12376872682575
-1.9863349097163432,12.112841827598054
20.296744481658727,2.6722267672344806
-6.483513491438099,-9.510806477869844
0.985492489359882,14.049573899645365
11.820215878055876,-5.7327753758776545
-8.454210276781088,-1.6470386025094215
-2.86023220093542,8.484721494781553
-7.3156793974522,-1.0815286832577151
-7.871766852854388,-1.7630607761934252
-5.667089812343525,7.159071988712471
-5.060589670140138,-0.03653445654683562
1.5844018386091183,15.264078879847157
-9.714174866749199,0.22183777701566465
-5.428220524741249,1.6881730627788452
0.5001126797635289,13.648773165936845
0.35057703154978315,12.646886663230436
-4.425367573936173,0.8560331552918456
18.968731785011087,2.3322813780655274
-5.919567618816911,2.614370017296881
-6.675736488186812,-1.196184885506941
-6.986737626218496,-0.3331089031957043
-7.655868719118631,3.4955445632227193
-4.3979689551994285,-9.565402926012316
-2.8528928029812315,6.9555454599076105
-8.16732579566648,-2.4332335420374225
19.743652058299777,2.7970045995712605
-0.38085845716520267,15.73449777210923
16.6413775740686,-1.8932930957328669
-8.603388763260234,-4.039372080078994
-5.372579481365872,1.3874482586363837
-4.329142583036091,-10.720885404118864
12.390901491547003,-5.169409425931176
-7.489657820109173,-2.2270084510443793
-4.808987279726303,5.2575279483080015
2.71240171894062,-3.2917165576237326
-2.2689006946898433,-7.348674489458709
-8.599435889462425,-1.5409503615538556
18.891719480437153,2.7927088961835387
-8.523522373976247,0.39793619373323114
-4.436752782452351,1.8624579595776285
-1.1361789982650112,-6.89475458409849
1.1712605870108062,14.743847066526712
-6.009024967465375,8.374730053674288
-2.530511539279343,12.149757624241762
-7.49306787565829,0.9298125775782377
17.387584819770392,-3.817721521914594
-4.98939652572472,0.8919593348357926
-2.696395028085547,-6.570323396170282
-3.9628541977881246,-7.855507375349201
-5.442632381773831,5.499804632080236
5.853308047591586,4.987234832593574
-7.484348206003117,-0.28109029038288474
-1.926131641299951,8.175078068306542
-8.593425693599167,-2.2104643404135884
16.532051101634895,-3.1478130704283362
-6.273968834650175,1.3952144104461865
15.689387385736932,2.098629582124344
-6.656220784884731,0.6080908316019747
-6.915046504859338,-3.860238418823007
-8.923987647668213,-0.7438897709704718
-5.94697237182581,0.9410886590307331
-3.2118800150247893,-7.785975481087363
17.28405771982686,3.3580584998563254
-9.06784294919099,-3.4613570123465665
13.012201021622124,1.8805542641248276
-6.177477425650308,-1.9039710837931447
-6.058514975370795,1.3544545615112578
-3.9580614107482965,1.5136632878612168
-5.15178261183268,1.8217586971824709
-9.195676871275989,-1.4472222906393688
13.996863086531299,-3.2934424951445918
14.02214178017725,-3.9110001205320626
13.264674344647393,-3.075209521262601
-5.645157309316656,-1.3524829171490687
2.518471665420662,0.7333028388194502
19.92108290987714,1.891984789522951
14.590093359815576,-3.0304507222169117
13.456445514427267,1.1240188872951402
19.215287672145617,0.27541268969492116
-1.2757317611915227,11.602736375735867
-7.573411389735006,-1.8788038945084513
-5.112303544734407,-11.351728103971398
10.320340296326501,-5.466173239313017
15.074508297703046,-1.768207884844897
-4.560092826578385,1.2650933418202055
0.8471565977174339,7.345116178263692
13.5561230313138,-3.052897681542965
-8.754809382750318,3.734759285136054
-3.528102905320892,5.391980846076364
-5.386107622860446,1.0651436507321084
-9.141192536248123,-1.7353533971850827
-2.98871463917615,-9.974663728821596
-7.341125014713749,-2.777185530567713
-7.3808933736205455,2.540213701906581
-5.114211305036636,5.063894719869242
-4.594990556696178,-2.2551522039795855
-6.442392378511543,-0.26274916357825445
-6.368934090637698,0.2447248080556029
-5.901821182036834,4.643236617949273
-6.097420775063466,3.5682462777304087
-8.169951852693229,1.4677172593369887
14.234557658032301,-1.6720933209048556
-5.404209499705622,3.8323449269426315
-2.8834324022065205,1.5358128853474202
-6.787241499975928,-1.5541255469158723
-4.795243097578965,4.343593046836909
18.937912848539916,-0.737797872049003
16.57655548455591,-1.926732285364989
-7.615037677542619,6.156137402031055
-4.877209479927921,10.675681617668687
-6.046850802996685,1.9477708126153908
15.712717785536753,-3.4963967602922326
-7.366605971002693,-1.1903293591413144
1.407960380887918,16.114937898891426
-3.542748616043294,-8.590075707027651
-8.07601173323464,-1.8780901870348061
-0.35246083751981083,10.976195833515735
-6.989919427389199,2.4733534787917795
2.4137699423735297,19.048780963935783
-7.454398564026118,-2.3606017306566773
-9.122510780555308,-4.823879787811625
-5.789523547274884,2.7980819487215807
-7.3911542764190425,0.014399901118382281
-3.542526061635405,7.224889789222973
-6.142966886914296,0.056837716102271466
-9.204719034136163,-0.6561727942143238
-0.6609664631656036,5.400528356252444
-8.10343043583983,-2.0116122849469122
11.617869781825929,-0.8305996762026354
-3.9072261966490593,3.8579887562072117
-4.927522669195747,6.743678239320391
-3.483773365814542,7.232799265441743
1.2113318926207517,9.744362495978539
-9.022935439212715,-2.490108572814679
-0.2910013174579046,13.485363282880511
-6.417835301175917,2.052831332139064
-8.298658365823513,-1.4619805912395336
15.25312734745568,1.4417100872676876
-7.407119561632509,-2.3986924337604636
-6.4584731006926495,2.432645175255416
-5.6280524398679335,2.6619043936811266
-5.2243541744622375,2.9116960129202956
-5.11538752157658,5.202819088359112
18.18037468019012,1.063133320720823
-8.783169638400407,-4.7528509330213895
10.654229249145272,-9.308225354453185
17.360383927645433,-0.6335794288108861
-6.147265396776089,2.727885815462859
-9.273893397195533,-3.2644708667733187
16.855495821444556,-1.3727111489298884
-9.401136335674929,-1.758934004145618
-6.565124409874426,5.362573443924503
15.803112401933937,-2.8418026699813326
-6.800494850339775,-0.3532622901982728
-7.459154760343162,0.25791307614649406
-6.426637571888802,-0.8968681402738247
-5.902011233352357,0.9223645294047172
-6.591667373827485,-0.054429719112793595
-4.055716842333177,2.3664769101817584
-0.6350330916228828,13.704916497789268
-0.7816508470468513,-5.192045067090169
-6.141915389945863,1.3821755953992942
18.954470262359607,1.290810485349807
-5.693702753166993,-8.958856917507394
-5.499557332295195,0.8700916943998972
-7.59096580659674,-1.323246228340385
-4.701258644780918,1.8425977993395681
-5.180977162831618,1.3217193637448592
-6.63342096270643,1.1836685147847132
-1.5531229641001096,5.810020274534264
-4.658064487554583,-11.838847009694016
-2.5983381857081844,-6.924182345442658
-3.6332687147648284,-10.688510089638553
-1.6999996704558717,-5.710759516269833
1.1847914584371306,14.486494245372036
-5.071791488670403,3.6804554178884756
-4.06600397844478,9.225228857299035
-5.5845764886438625,-11.058438176481602
-6.754653780072365,0.3062349290246841
-6.997018976013523,-0.060929040107536435
13.286939948753217,-5.963760540779318
-3.4203712857793693,-10.406439405675481
-7.021826618025487,-11.566990461774633
0.7812998457609749,18.43522374457403
-4.61486707504305,1.9633237478492187
16.83240353955077,-1.822240822252417
16.620248209895347,4.703417523781841
-7.177329481071005,-0.8184033080294179
-6.633973458739048,-0.10593761798063957
-8.15875284991114,-2.516519158007656
-8.029413149295435,-1.1735410142489846
-2.747253833470411,-6.192687776112131
17.053925038764604,-1.3886942080279676
-4.6850996353409755,-7.966998104562561
14.53912467826858,-5.340200655866624
-6.064792261860944,-0.07820560185723291
-7.8379615576477955,-1.2081694397049463
-4.653008943015023,-10.578085908940949
-5.892607406313508,-10.658877650802385
-3.1511445236002738,8.032344325389444
-5.007225083191298,3.662380160532694
-3.076925271797821,6.177303830412176
-4.818905775307421,1.404275579691583
-7.507749198408677,1.7177946685439809
-7.3511751738052,-3.3916243607149985
-6.956378295757254,-2.1023984754706877
-4.075439729144205,-9.683633092187977
-6.746137300944597,1.677559458311899
12.007593249251533,-5.1004266284368125
10.882887513220483,-3.2796069658322886
17.374402618712125,1.5886290616659349
-8.104032899976692,-1.2317787761948318
-6.76377586752533,-1.5477089806482192
-1.659586491403018,-3.22718605314553
-3.3407384847830883,8.093555210274255
-3.302717985453519,7.136381948063883
0.9540500060128776,14.507955147554153
17.16028501350273,1.6276188787764132
-7.850476672449742,-2.0499602402672075
17.086660752908628,-1.0521406068293344
10.03367726043906,-5.667539655192009
-6.6344784408601845,-2.812745632881832
-7.435600198245243,0.9624286323039634
-5.783462067396953,1.2374319505704585
-4.047294577833878,0.8833422272965212
-3.5155470465673893,-5.062507661811384
-3.6302771200083503,3.3077321036219964
-5.11729714368499,-8.930347452022383
18.8189406385373,-0.5937179557000969
0.31500853793813727,11.71127258868717
17.788634831970747,2.027333480832055
-6.898158120149171,1.8775055903067286
-6.873398063090657,2.8228333351459556
-0.6956189278939418,-4.410670294685271
-8.518103417817947,-4.627061705042448
19.044316429052174,-0.15075767322776726
-4.525464769788472,4.071473785568469
12.512054570587349,-5.122986874263954
16.580390033294183,-0.6009876834616954
-2.941970316226601,11.70830361773946
-6.391096514472431,-1.6313975450363651
-2.051801132329457,-4.653338711430642
-6.863428714022021,0.7308108033842053
-8.39674735735107,-2.5404361719994992
19.3651923808724,1.35161070293153
-5.841381469153241,-12.190649129133222
-6.78275268849412,1.6744566012839086
16.580606454887192,2.4161968463614514
16.078450184789006,-1.6796603553962
14.757914412527755,-0.9248696530082958
-7.987596358043118,-1.1785194380570183
-6.126459709810806,-1.9945003359419082
-2.8024465701528043,10.231229344896647
-8.713961989446144,-3.240004608127054
16.9410339306992,-0.18460926381889117
16.489924572406178,-2.697981547136943
-8.542130089354128,-2.053023735760626
-1.1843790184662522,13.471932087698136
19.364231138712167,2.937134756473995
-5.195146440127061,-7.401641521614998
16.87015118654621,-0.9065563232925816
13.814055289769085,-4.110372082546889
14.957636883980026,-1.2049786373929274
-2.4133308272781133,-9.211824992877396
-7.088170063904537,-1.774084949039712
-3.999584495070857,3.750789030578756
-6.78372905575536,0.8196039906937431
17.52128630686866,1.2647736682158017
-6.7801193252986565,-1.7829176788855163
0.6861431816108928,15.34096754468001
-6.468773231188586,6.461395095627842
-3.258642297022844,11.471058113601783
-8.84385466858419,-0.9961571115421967
15.68535078313465,4.367048437886137
-3.8492704992487625,-10.373667457701213
18.641291432973578,3.07377145214357
-5.5253092001740045,2.6643943245584163
-8.915510196639,-6.014549886738517
17.247636433240306,4.74813922930612
17.631171125326148,-0.7543633476882409
-8.857859472345156,-1.3209044176267077
-6.915476006194748,0.9452593262907107
12.4838269250292,-3.2410381446297483
-5.635589735313383,-10.586922493006668
-8.374767546009355,-2.5820949903008543
-6.128239015331694,3.036614753068292
-4.568210922025807,-8.336683204465713
15.437676689997637,-3.616042569239775
-4.9999184374730214,2.0514319432091757
-6.572530364903432,-1.3822412763405008
-5.673370031461022,-9.751521669895238
-7.824926841376291,-0.8757004270037394
17.81635585701458,-3.6831802626025003
-5.072481267800778,-10.398140902024819
-7.145975348785478,-0.8778999493290417
-10.256519590655369,-1.6445942484960252
13.610284506994383,-1.6412927351136428
-5.791530460641681,2.7552030623616366
-8.04767057653485,-3.4711483489543324
-4.255259828210689,8.06050212035002
-7.937993744815247,-2.1537564063620107
-7.233539313307071,0.5367403997015913
-7.3712621594149,-4.399632312709295
-4.629266078172134,8.990021570847622
-8.45148365508657,-0.8471737737152758
-9.862185735167511,-1.643711376897333
-4.959471104841146,-8.649299923084525
-7.707656770416883,0.44206739848719695
-7.731609153359976,-2.499361325351153
-3.6044397277730003,-8.209284902592431
-5.438738218844913,3.8259957882213347
-5.969447731797745,2.25333334767051
-3.9718018457657727,-10.422441364151762
-7.184546023147168,-1.2788500714700912
18.835115210075163,1.2973016453053268
-9.53779774726315,-4.334502590659406
-5.506878246472358,5.072411998354476
-4.193370961879645,2.9963044309456635
6.057118562220162,3.1861727497775503
-5.225714018104292,1.4154388097691462
-2.0640694833974806,-8.079023395355637
14.591606783925556,-3.982367502677933
-6.409084997869929,-0.21065257054579142
-7.738547943177857,-2.5484426300957286
-6.202484653084694,0.8352105461037828
17.11863713914364,-1.7634570153968787
17.17303386386743,-2.2590749192868875
18.388404811897235,-2.142772934026337
-8.180753494560225,-3.9198188579988797
-4.288674986678323,-7.878385270893696
18.65746820744336,1.9029169398249708
-5.293672621824263,1.4766129676367103
-4.068334639503755,-8.426876898910317
-4.9305826630514185,7.232106884680995
15.620839799557196,-3.355922264952261
15.797403544515653,1.2942287020360697
-1.2104182090852948,11.420488224498945
-6.6331654343685065,2.5819751613417754
14.115504811075132,-4.014822538171092
-4.6504815831802295,0.3532208599468681
0.8549390205690639,14.920429592587974
12.865236935065752,-3.7687259154329213
14.716889826807474,-1.754420995885107
-8.393730860393363,0.8550333875184781
-5.520023172067544,-11.782310695340666
-7.326934474139745,0.008028934252765218
-5.936646822974063,-10.939433540463066
15.997112895241088,-4.463563564852411
-2.3908952112626,5.3067250021230175
-9.060540242757062,-1.6557860033163927
18.843304606932,0.8159250156183059
-4.953346899392605,3.9034219515698325
-9.706888248805601,-3.600182792649269
-6.199474930824409,0.003360597933055083
-4.009494289314515,5.301449447752026
-7.033512664628067,-2.8190391196162885
-4.932113614714024,0.98416781718666
-6.493386834610246,-2.2491555257694458
-5.42035557495826,5.3781726924417494
-8.864927631605157,-3.2774709677569125
14.108755455815082,-1.8161913695368115
-5.445187385700429,1.3022764923071495
-4.378635127682084,1.7522909656874688
-8.430644743074653,-0.05835255587575898
-5.488066923691315,-0.8578426229476829
-8.492981460887748,-3.4750073078049266
-6.262610591893742,3.0356718493692845
16.66633896041997,-3.371736812707668
16.850936267734145,5.898350257465449
-5.233017328605084,-10.269008675507624
-8.212103447362331,-3.4036588151322666
-9.877915788082086,-2.8503473343904364
-1.9962631601557095,10.084709893128533
-5.00633584029166,1.0214940956289411
-5.100809508212014,-8.04563653574555
-4.498199907885703,-8.723413124644065
-8.328585756549487,-0.8121905766026202
17.729170309198047,0.41375043696479546
-6.354170918267487,5.219624796356616
19.21062398290469,-0.07404816976749044
-4.24304994889546,-7.80565009197402
-6.720024642850805,1.812886507456223
-6.829733575441107,-0.6690352519388961
-5.412926256392527,-1.6361006641457831
-9.534809804168992,-3.192788113421803
-2.3256602774109356,-4.513417901083305
19.189749823051947,-0.7510423454825571
-1.3820545215501756,13.597383507724969
-7.808239786066314,-1.0473408942272626
-8.533720566547556,-2.3624580863941316
15.241133564694257,-1.1123941794078696
-7.2520133363523405,0.8465862826670413
-6.6949434141871595,0.16292677346887996
-3.071457054190712,-7.804159579604563
11.582029131731957,-0.6938121297593828
14.349412124605712,-3.353477696871539
16.603380011540597,-0.8178694182563139
-1.412745452347504,11.040603011853518
-4.8634268906554965,0.7186553770192075
-8.251818780416995,-0.8955587027539991
-6.463648663486208,-1.9268440072154516
-6.031389453978156,4.987713531222058
-6.757501271006198,-2.2175607144131884
17.52190143692114,4.808045910717831
-8.263513633779398,0.10938317847481864
-3.3644744892552074,-6.070491248304953
-9.745149258675065,-4.761276041821391
16.36663732318146,-2.3156099628091793
-7.2595935511517045,-0.4340549213983991
9.19612847155211,-1.3823422456166494
-7.246204874403031,-0.4399988416223127
17.68664585298066,1.27713623163464
-6.236923637002903,2.157904398470874
-3.0149582734478546,1.1287363662101075
-1.4078050337955723,12.76437507824347
-2.883931271910636,5.273857346763582
14.023501169889473,-3.1076645182937206
-8.460531135373806,-3.982487275392054
-6.541078334380354,0.972422397823618
-5.919705410291201,1.5472553406296958
-5.903734230320384,-2.0629052355452706
-7.463209299754198,-4.026931942408803
-4.460135964013024,4.703189872664813
2.799447242451379,-1.156108060107022
-0.9749423080879877,14.553967976553965
-7.402573382043386,-1.5095429121077595
16.12583312140981,-3.173925646674455
20.760599521008253,3.012675121094154
-4.172222268605985,-9.692337222760507
-4.203121108164025,8.136273433164178
-2.7301850794797193,3.4172575700440957
-5.812801672794122,-0.17381356247730265
-8.231861057182018,-0.692436971509679
-3.9673206530508662,2.1989520980132014
-9.483548002482175,-1.2458817314497161
-7.99290086509855,-2.0179041415842707
-5.111146688685545,-1.0182298024340308
13.370695364028128,-6.133653298487495
-7.395459821929017,0.2525794470378472
-3.6815462135145065,7.964308356365347
16.497527089419304,-4.131374617574571
0.47022675512878315,15.660619873173086
-6.3045838796043085,-0.13383303196509816
-5.0192172205878425,-10.913826632315898
18.254386621803775,1.0549374412281018
-9.291533249586934,-0.853760255907007
-6.46483606589867,0.7202277936593702
-3.8117096476767194,7.7850662946825615
-5.26665104915616,7.811397191617717
-6.051928764022126,-3.025947639673826
-7.606424729146605,-4.680577603643933
19.679593214992014,1.3450269900348326
-4.091703815431104,-9.102103082921298
-8.90739472319267,-1.7814531311010893
15.117968722480772,-0.43212435738345467
-8.021596503948118,-1.413746478656958
-6.992237982320677,3.311811024885546
-4.841801502891349,3.0164375185206715
-7.241479603337544,-1.3838107441443546
-7.313454178127578,-0.24928312344664144
13.663191879806286,-3.984471773777835
-3.0482992533537296,11.062523818222248
12.221534525064023,-0.9027319542957005
-4.847971801446333,-4.231442993209119
11.377126960445743,-5.41127187701961
-5.656483303525514,2.4648992465858015
-0.5919523561235512,11.806848826470123
15.466929148279776,-1.5694290467367238
-7.036416385285738,0.510903252332852
-5.88442762264227,3.1873201923593806
19.989982476048542,-1.257555871376177
-5.672321440983111,4.858386574736026
15.06242818755428,-4.070228699896045
17.218252208033896,-1.0719761553459268
-4.185082707228003,4.278764295103612
-2.329546061750413,-10.32811569324877
16.87242316268256,-0.7214153550237311
-2.0162093063275406,4.124265120020416
15.179915704899654,-2.3256922826518154
7.496582102230826,-3.1948936731142363
-6.920630021530061,4.281276893983031
17.502371756814977,-1.3835878882304686
-1.8425144039754673,8.359159261611849
-4.171524035481691,4.337601043851454
19.395757872836242,0.6691927858463376
-7.981458831272009,-2.1809549783204276
16.18850509389621,2.616081998641576
-2.621909450128087,-7.825871171669747
13.335560946447398,-3.653653253269139
18.195308150014842,-1.5721986169082796
-3.971648048290121,-9.195927764519167
-8.716196432255773,-2.601115236292726
-9.042396362208255,-5.462128323796487
-9.277825855674857,-3.001753736930405
-6.6369954316565,-0.009986727327981651
-6.516227652692261,0.016445703527723378
16.94451440865672,-1.4168815283320495
0.5164870973161676,14.821474715889176
-6.852750029315568,0.30583431902674313
-5.34858205896573,3.394547662002882
14.914350065958411,-0.511260045632479
-3.1543628550915175,-9.66612982138015
5.733625619273595,1.298052691445538
13.19818879709026,-3.106114491951423
-5.001218727706696,5.490112138700398
-5.95692078946105,9.00442860499298
-9.705254474117133,-4.061258015846808
-6.699273077246929,-1.1825183313124006
-2.1915283283377502,-6.457800808773486
17.929021955023334,1.18180141873835
1.505594186960859,18.49457024094378
-4.875521329410049,-10.528348160824288
-5.0460698659986125,6.808120359210229
6.173635698185993,0.2899054728968032
16.80076283709386,4.366711670896388
15.980237235172375,1.8654601867665144
18.71491148787815,-3.260419127928348
-6.438957149088359,1.702105269677791
-3.7549335538417887,2.2091920086456236
17.059489272409223,-0.06380160543325951
-7.485725374847518,2.53101230916445
13.5529159844249,-4.434876869012465
18.59034086411632,0.1955575842380656
-4.330617512803965,-4.2688337168576975
-8.186202286899723,-1.4397365458763145
-5.418801663874287,7.197043926447678
-6.56180481352509,0.6387876317459877
-8.31712227354561,-0.8602547775935294
-6.586293772821146,-4.335781102340722
16.78400567738325,-1.9475423009835071
15.679542366579906,0.03689689332509635
-0.20183890068910282,13.911198667047287
-5.43107353275569,4.7316965339596635
-3.7220388496065167,2.5755800400612396
-6.3902062477684645,5.268440503432601
-5.957943166341076,3.0404926149340827
16.630999549595753,-1.3384663012557476
-5.5986446956227995,2.9556491003178063
-2.79330401763523,1.71057249745453
-5.712141645180915,-3.0125570801793358
1.5083506916078968,3.033087872900377
-7.527911508113853,-0.9048988337785325
-7.496440441609631,-0.694692017355441
-5.224922027215091,-7.6547860713723574
18.89924141727135,-0.7647096076361967
15.33852645672064,-2.5448686492742802
-6.395815107285657,1.9099917388705316
19.326818311266084,0.6293393371203668
-6.707537085395843,-0.12567366911846772
-2.841934921069436,-8.3123285328338
17.14180428015445,-2.078822730220966
17.24273455675373,-2.182279535416755
17.464226107433554,4.616807909940556
-4.733197178631793,7.290254344747746
-7.384663197346112,-13.36827825459469
-2.3486414483727565,11.149884144718495
-5.5239723046568425,-10.040342312375504
-7.090616016830045,-1.833906076904671
-9.198886876909725,-5.107866074554844
-7.992424521577664,-2.6030090011371056
9.871812480932356,-6.44798002509398
17.562872641240187,1.2048951582220926
-2.0465680142850897,7.2890945612476905
14.912637247482214,-1.3301023860361487
-4.976266365984424,-6.817466668320779
-5.699168029917632,1.7059227210719832
-6.582293859040842,3.95071129678604
-6.6786170621592165,0.8734541765331103
-8.371007790781404,-1.7917089065770349
-6.232114174469927,-8.161503241826482
-4.615787288498208,-9.94475954489666
-4.988542910995261,-11.969249441688982
-7.170439849784344,-1.2358564245279346
-6.574036353427802,3.5437239098157014
14.500096772556331,0.2543691126579616
-6.217886918209677,-0.7422310918022638
-4.692997949694192,-9.216343998766323
16.184629088870743,1.0835712341126733
-4.066601475186586,-9.071045960549398
-5.695745204378109,10.192719004401614
18.28770770542457,-1.116966128846266
-7.894040628994544,-2.593306622378645
14.034893798398912,-3.696594952694038
-6.771216252370537,0.3096880343979567
-4.437324498232515,6.020466499089424
17.909704371541043,-3.2487275361935537
-7.654209734858948,-2.593608888062451
-5.467575297778046,2.824656254647142
16.74680839226754,-2.217019501390484
14.044418217039494,-5.116374096371614
-3.29238271136859,8.770386779539999
7.325465351903622,-6.147847512113026
-8.22779084938182,-0.7070070878641416
-9.116847204673144,-2.607663918304936
-3.4105272671864246,14.070733434884076
-10.368325220877177,-7.455346048598076
17.53624923790769,-1.2778802533465181
16.18538622106015,-0.6842095524877024
-0.9179086478156485,13.686596927277119
-5.697536364798591,-0.3727750480920849
-3.9403429088437303,5.90296142434342
15.106945178135375,-2.51933545604303
-6.759050744556806,-2.856077189531443
-4.034702542554582,5.055782683327547
-6.886273450309425,-0.5912306346172076
6.41928692619044,2.3034540394289187
16.85954594966796,0.21673977914437204
-5.356300908099987,-8.047090384027706
-9.057890770550355,-2.762564535500533
14.767982297800769,-3.152292805902073
-8.73164154799779,-5.2505457855292255
-8.495826918905294,-0.17026363367270156
16.553992671280756,-1.2698202116193678
16.428384456817906,-2.305629973109218
-6.257876782948174,-0.08997617791645951
19.027608085227886,0.4088287826807145
15.877570747857133,3.491844877189593
-6.307617001248045,2.528635113648477
-5.3927453293682825,2.7992184280624404
15.485966275680306,-1.5740584401807358
-7.889126762607495,-0.6614601748317689
-3.506261006443548,-6.959368214584954
14.383336803755903,-3.412406334089945
16.283317036922636,-2.530580844096324
-3.957992166796908,9.682649341580001
-4.790012556329656,7.981510268977182
-7.789009150606429,-3.0250822234161356
-4.552451117571148,5.966055619870297
-8.969438635619003,-2.1466631063588273
-8.005264932151265,-3.402750280662182
-5.64581176991338,1.51376033240016
16.783071817007105,0.9807192577325382
-7.881148554985766,-2.3026824759237883
-7.576969413647636,-1.9338745266874926
-5.272269948827775,-0.16482087924688107
-5.363608911657578,5.817505120915194
-1.5739852747838863,-7.721882586645566
18.835040427428453,3.0992631190723543
15.347618541811524,-1.9733837674912602
-8.172856963400305,-1.0671675516892645
-5.839389636027521,-1.6725386972507712
-7.6422859050659335,0.1720027591928075
15.87107402456708,-3.8535734676634714
16.015576042560614,-2.6293695081044683
-7.180377415577722,-0.5551615102836319
-5.580729639457361,4.310218940915908
16.921301271067875,-0.8966799441208814
-4.050267659780749,-10.627239801709674
-5.8185548418300295,2.47397068610643
15.706253708307129,0.4188351768718458
-4.210562991609996,5.536374481018286
-7.40324210484184,2.0907630373401678
-8.597589770986122,-1.9758963041179916
-8.245496230109454,-1.4043249228440915
16.91305072418499,-0.1479718559584057
15.340382252724144,-1.7892095232730103
-4.829644367120682,3.946194460726718
0.282270360952022,15.858377588254944
-7.655040039181575,-1.3360041877687103
-4.576959560752132,5.999077320607466
-1.5774770250457997,-7.915747850008388
-3.667573473163541,4.6333396433952005
15.2285580657141,-2.892855424907393
-1.8777290534501068,10.30824002150227
-9.526558995558293,-4.190721568343301
-2.981434902561037,7.909373619390672
1.6640662774013149,1.9817173806418789
13.730072249065183,-6.159917472772961
0.3861712918179491,16.270972849486313
13.704544161697259,-3.4097053439984584
-6.6613485994437,3.7024703802055097
-9.050356198814137,-0.8065203922702436
-5.526706826486971,3.4385538523103696
-5.294259126255412,11.201458630042394
-6.774072107062223,2.40510351345438
-4.372302344956061,3.8010413509597645
-6.145122107698887,7.093855199715548
0.7145027938502382,12.776861524886874
-3.4700874161486057,-7.554480338964243
15.20241895547819,-2.0517576853506596
-9.817244162991067,-3.9405422456665997
1.060034762142288,14.082584125273238
-5.803406716713952,-10.774569188717056
18.030615309308555,0.79686402492792
-8.023054246183024,-3.1907701338601813
-8.025500591023615,-1.194400628893563
-3.752904075990029,-1.2578951637503122
19.060155053792425,-1.1746359242994555
-3.5890547300723457,1.7742369429810319
-1.1268142731759108,10.490809480640436
11.154198225126883,-3.6871310800786543
-6.203360327653236,-2.012769015003169
-4.993315404106639,1.5729613194733567
14.732147951945626,2.585579886081551
-5.128409775065181,-11.136959003842493
-8.250888204481756,-2.672907136761003
-4.742382387956071,-0.5314202172483918
17.592314418545456,-2.161891998741559
-10.172271768110027,-6.093820560028757
-4.921496669078801,0.5030215284101826
-7.76241969150583,-0.9209726269847227
12.15649176782381,-2.3815737496840392
-6.61565963462496,-0.6164198221354419
-4.604005498004922,2.865651050249698
15.14086915231738,-3.537336489144315
-6.064850872707972,2.3834426481723776
-3.939933760606868,-6.40122447638664
16.088031522104643,0.15530781046698966
-7.6383338675527135,2.398723740127375
-6.147825691900565,-0.32804879181176294
20.009903492481044,2.026988166646456
-3.005283980442516,-7.04531688627327
-8.428680044185189,-2.5160682586697884
-7.161528746151829,-3.0219774518273708
-8.782579178516002,-1.9481557348480079
15.427927767299066,-2.40523508938688
-8.352377707818565,-3.0838552137562623
-7.662906995812153,0.5763163359731452
14.592488969499081,-2.32130693817594
-7.679266756862069,2.830922747902038
-6.9076957739878315,-1.612176221933014
-4.393349601835762,1.8277011622232713
-5.551220941734128,0.637425500977485
-0.9649540799128921,13.01077689484161
-7.9143942685861495,-3.5471563425980452
-9.474139119473783,-2.5342616573487464
12.67182014929609,-6.03311378297398
-7.601024372769679,-1.420446822679026
-7.5491446639818,4.66145793949636
-5.910959564477024,1.5389203649233572
-3.9352000510991827,-9.159141330909126
2.0904876730246573,-3.599775183643524
-3.5466800513251022,-7.9225452451073375
15.353200051154719,-3.476131940775027
-5.899041587810997,1.0226659620292422
-6.485369352322291,3.7162230657319935
14.08628678914308,4.788690702338773
14.820518418394402,-5.257101613100797
-3.9402517737929252,-9.399272255726036
-8.842507352183846,-1.6863543086275334
17.164305441420897,0.4149803575748412
10.21889530308827,0.3016066739610646
-4.3892275155693445,-9.370810448314833
-9.348426096364669,-2.7834243255064646
10.455607334482739,-7.684538725110738
16.682106742061386,-1.1619750576442447
-9.644302484806499,-4.816513555319866
-6.654738883078374,5.189519353211513
-6.743746669983455,-10.676527099612125
-8.94475708307925,-1.2307231780823005
-4.184003241604937,4.730372457229897
-7.180348328358545,-0.8137632402304847
-5.7903706221851,-1.0271852579400265
-3.9771149054344654,-8.657239588509334
-5.1859983366498135,5.177590662187103
15.498963947261808,-1.0407384271266151
-8.854565507787372,-2.0464379409249704
-0.6487321886505595,17.60385683084897
-5.930554795654099,-0.4235641482173623
16.953723392798597,-1.9991907296594558
-5.46654301352422,6.289824723270061
20.000744444417688,-0.20642188596927985
-0.5306901750340735,-4.042517977704587
16.53464780064352,3.1843034848722076
16.562996139476216,2.2466907750384464
15.508616815667786,-2.058467410551194
-5.732429263344545,0.08004542537133716
-6.1991176981496166,-10.179549426734324
0.5818416099553693,-6.28244810047472
-6.314865465187801,-10.24819117128347
-4.521570549247793,5.268054320477526
0.5621269095003999,17.965367124783505
-4.69401775397137,3.291948304082583
-5.47843863886236,-4.85059507227289
-6.706782010889331,-4.623347911754392
-6.9798245619756845,0.6951996823682293
-7.092760212850527,-0.0515964713220997
-5.4942455884262476,2.2675749216363714
-8.02916407624632,-1.0258291356775948
-8.073367220325451,-1.4197221402462916
13.290079121621558,-4.670446296545691
-4.322736002844003,-9.359008631436774
-3.0555397827455306,-9.29624353043371
-9.841869446633988,-2.657246875770633
12.011189830437917,-6.097214736437391
-2.1376737031669517,-9.736840751582898
-4.567982157456682,2.0689407743001307
-7.119855214721675,-1.2550189530756346
-7.7190044534048186,0.7462633146461137
-6.429924971162948,-0.42442236002751427
-5.493580852949545,2.753531723620526
-7.849757664481878,0.4110693175743232
-1.3279398567279976,7.370128557798381
-4.7876079674429795,4.036497074442594
-6.259512538201319,1.1796093235093466
-1.4935389272409463,5.72804603784336
13.337065907155576,0.1828884368867806
18.099963882673013,-1.128570451825566
-1.8412140986857073,-7.172770959411319
-0.7936594145015692,12.134321496662315
18.421741689278008,0.5284226185598796
-5.258390461083288,1.356118650046291
16.48033752204014,-0.5105783095639529
-2.434875690425305,14.588886815521466
3.4468284836483645,17.638571723461137
-7.718437319146853,0.19343629244412472
-7.473613762253229,-3.5874800036541923
-8.480127496376669,-3.738331473772539
-7.126566959373936,5.593458379134604
-4.842911561908943,-8.723821597716755
16.151839062991584,-0.6435585546810136
-9.057315251216723,-5.224454642586004
18.605445806615343,0.6209530191747933
-4.242353110321911,8.434845104542955
-6.518408118732937,4.487175117435564
15.29801971904158,-4.66532018366845
0.1365333492957891,14.598409859433785
12.206787763598108,-3.2017216357947462
-2.8481232638458573,2.116011298450301
-3.6676957578975347,-9.022821241349815
18.400465322990488,1.4488010491029364
11.510465845773584,-3.850764977230407
-6.161332169715087,2.2736129187333174
16.56938060915105,-3.3592281730674003
11.75170383043982,-4.251064872745061
17.97140089307752,0.5390750267089738
21.58039229006388,6.057280795241107
-6.542197864602779,-7.5584777499617575
-7.663029370828567,1.1089381558079408
16.008972866284335,-2.409580685792365
-3.0100861837867776,7.52892535805124
-8.489474446888117,-3.5784573755958142
0.8694986079978729,15.217108960851478
-7.8295082609961915,-1.0088482257023468
11.30454741188965,-4.700854708613403
-1.8849044888441842,10.05023645162823
17.48820355863713,-2.5807931360201803
16.059695918410984,5.216535996907368
-6.803466979930519,-0.3872205089537478
-7.85387710535436,-0.15723822498154674
-4.143794758961706,-6.187291716368517
-1.841945501058233,-8.765147824377824
17.289122915093426,3.5519990020732015
-8.468189455432947,-3.6990822339884346
-3.2156599730230147,-7.2791725911168355
-10.239961987304536,-2.923158221670654
9.726473922984624,-2.66588207745903
-3.444247123135884,0.5687198354020943
-7.067174149501338,-1.2278232024846
-3.083795265642902,-6.976014375061467
-7.441954037054699,-1.4991194831298662
-6.146542062148757,1.500580844017504
-4.08947073309656,-9.233464370598272
-9.67482019684356,-1.872357650309928
-7.321304739513893,-0.4577583475404567
-7.502116251660985,0.7218966651025125
-9.28215312130439,-1.6214618017081324
-4.883865174392942,0.666331857153762
-7.057430369717033,-1.0859452526681121
-5.658296426358613,6.037942736277596
-4.699808538809239,-8.30721229035314
11.358701382902108,-5.003653329312624
18.560952518368225,1.9697971841310218
-7.594102645592547,-2.2023912868873188
12.83370231128348,-2.8617049170853237
-4.234652842680422,-9.58682481409226
-5.6134512127818645,0.9845207242864082
-6.989382789268498,-0.6441016618257651
-6.56530050633361,0.629038601592447
-7.644729157783363,0.8788135081139764
16.233433792450022,-1.5541012473650946
-5.716681638329441,2.40153967166668
