UMAP1,UMAP2
5.9646153,-0.09568951
-9.220585,5.3495107
-7.3394938,3.6189482
6.713283,-0.5818614
-3.2675357,2.2011204
-2.845326,2.2151937
4.503302,-1.0733373
-9.598789,4.566389
-9.830257,5.0187073
-8.342033,4.786452
-7.8408713,3.732045
-7.9615107,4.197671
-7.73484,3.9192867
-7.6445622,4.3309665
-2.9356506,2.0525877
6.0542135,-0.14372413
6.2516136,-0.92021036
-7.401147,3.7182202
6.5339336,-0.46455067
7.0075526,-0.7162318
-7.3671737,4.379743
-5.5821247,3.1148603
5.477397,-1.1804509
-2.9239056,1.9572906
-9.060986,4.271244
-6.816491,3.555885
-3.4068758,2.5187712
5.4708276,-0.8268607
-2.8523188,2.4805295
-7.4232445,4.219289
6.7957897,-0.6690633
-9.010232,5.0015554
-7.7648497,4.109464
6.153265,-0.4920729
6.50636,-0.4830859
-9.358515,4.629082
-7.2029877,4.1107554
6.5653996,-0.76654226
5.2037926,-0.80687195
-8.859923,5.0796385
-8.022075,4.528598
6.501129,-1.072215
-5.986838,3.4987373
-3.3064175,2.4657712
-9.253145,4.6274934
-8.187807,3.878202
-6.7732086,4.0195503
6.405132,-0.83556116
-7.294016,4.08356
-8.936975,5.005487
-2.9635296,2.2902553
-2.9143581,2.2799666
4.52667,-1.1565377
-6.9889255,4.1730967
-7.237218,4.032128
6.5548954,-0.82499814
4.404765,-0.9712578
-3.1243966,2.3957267
5.5531764,-0.3763917
-8.338161,4.4777155
-8.9336605,4.467999
-8.833541,4.66663
-9.723806,5.031671
-9.1864195,4.4889455
-2.6039112,2.1199455
5.2490497,-0.6477839
-7.3412714,3.794884
-6.8739533,4.052263
-6.9121566,4.135522
4.504332,-1.1312581
-7.3087955,3.9675653
6.68254,-0.52264804
-7.831124,4.106857
5.6723475,-0.89530766
-8.295255,3.9197125
4.3258376,-0.9861389
-7.2937455,4.1712832
-9.216706,4.683053
-8.467039,4.724643
-9.319303,4.6231966
-6.282117,3.4676275
6.6245537,-0.48838645
-2.9747214,2.2841141
-8.316802,4.1937757
-7.248829,4.027143
-8.303163,4.268386
-5.4739966,3.1724768
-6.8428473,4.06969
-8.637537,4.9912195
-6.858781,4.085835
-7.937238,4.4386835
-8.634244,4.262839
-9.472246,4.885275
-2.7514946,2.2324033
-3.025762,2.193109
-2.7566812,2.4120069
-2.9358542,2.2637384
-7.532658,4.4082937
-9.4436455,4.3811946
-7.4226265,4.4039936
-3.1888542,2.049786
-3.1005023,2.351889
-6.2274694,3.5183356
6.5564423,-0.33855826
-9.026868,4.8811283
6.0390143,-0.65039366
6.3469415,-0.8658917
-3.605938,2.5021195
-6.2248125,3.4681098
-6.5562177,3.4700747
-9.6215925,4.6441674
-6.6552835,3.4859424
4.3817782,-1.1124619
-9.449579,4.8915324
-2.7992103,2.344739
-7.9085855,4.0930753
-8.698711,4.4980717
-3.4225538,2.6389148
-7.6221366,4.2486577
-8.105064,4.3665605
-8.647749,5.2365065
5.648284,0.24002467
-8.062569,4.3459563
-8.223364,4.770469
-9.145609,4.4155
4.636646,-1.2622617
5.989115,-0.60416496
5.533386,-0.24269791
-7.958871,4.0366554
-9.768662,4.8692484
6.313546,-0.64215994
6.114034,-0.37192464
-7.0960393,4.277102
4.4352098,-0.96331364
-2.908601,2.2961967
-7.3617325,4.037339
-5.8415604,3.0410907
-8.870727,4.996361
-8.879283,4.6162667
-7.6351333,4.5280685
-2.796873,2.1683302
-6.357243,3.6665728
-8.379233,4.721627
-9.10058,4.378551
-8.347069,4.5291457
-7.7038813,4.490316
6.335659,-0.29889277
-6.4029794,3.525083
-9.828937,4.7361207
5.69642,-0.7795324
-8.12994,4.5621057
-8.382044,5.1313214
6.6467786,-0.5783578
-8.059564,4.4079027
-7.4237456,4.5126657
-2.620336,2.1598563
-8.820101,5.0112715
-7.4928513,4.2893543
6.401725,-0.63525134
4.4302354,-0.85900736
-9.218351,4.7536454
5.0767946,-0.7924185
-7.4709015,4.2285924
6.3635683,-0.74823636
6.4222813,-0.96534246
-9.000108,4.0601482
5.590726,-0.49150655
-7.1948442,3.9864042
-9.123383,4.7940264
-8.136332,4.154793
6.031683,-0.7551082
-7.997051,3.697319
-7.7752147,4.478068
-7.3826017,4.070317
-3.3179374,2.3607078
4.5797915,-0.8727406
-9.122801,4.533738
-6.820784,4.222829
-7.658227,3.793929
-5.972498,3.4534569
-9.625223,4.3883696
-7.260817,4.051101
6.423753,-0.60912883
-8.267594,3.9235117
-9.252334,4.1148124
6.2027426,-0.22919717
-7.500095,4.414278
-8.666326,5.1479354
-9.135229,4.445425
-7.8164806,4.5957193
-6.9932194,3.9746072
-8.808116,4.891619
-8.209388,5.0062003
-3.2597756,2.6032195
-7.6729655,4.032764
-8.141488,3.3939488
-6.382896,3.7160969
4.4982905,-1.1365929
-7.7520723,3.7551734
6.3334675,-0.6287383
6.5498953,-0.7829017
-8.377689,4.2428627
-8.014255,4.8054237
-6.630846,4.0609574
4.649154,-1.1108803
6.05405,-0.5811619
-8.709013,4.5643773
-8.114825,4.218487
6.28774,-0.8143718
-6.7129865,3.8707583
-7.7832274,4.08566
-2.9328349,2.0996494
-2.8449066,2.1952634
4.5297484,-0.9770848
-8.153725,4.4248123
-3.047172,2.1651142
-2.8276243,1.967952
-8.733308,4.284632
-3.2896578,1.8151174
-6.909027,3.5232491
-8.073966,4.2131724
5.9312468,-0.7680187
-8.187224,5.2724624
5.9669414,-0.4281911
-6.462468,3.6622245
7.012365,-0.6216244
-6.8596673,3.8897617
-6.8492575,3.5197103
-8.144568,4.8573503
-2.7411315,2.4008167
-7.854625,4.7429314
-5.8072124,3.1943417
4.7859592,-0.92368203
4.9446692,-0.9337856
4.694317,-1.0360254
6.0343795,-0.8248354
-8.486356,4.105886
6.6781187,-0.7685361
-2.8219128,2.1357408
-7.988447,4.0514774
-8.394959,4.441398
-6.9741335,4.027004
-8.760252,5.091006
-7.49699,3.9456356
-7.6501274,4.2203903
-7.5162683,4.0635185
-8.919363,4.9672146
6.4622445,-0.40800384
-7.619578,3.9307973
-8.217119,4.6069303
-6.427001,3.6294963
5.618269,-1.0172907
-7.716018,4.3217998
-8.022105,4.553561
-7.7245307,4.020852
5.6543207,-0.6348417
6.4971166,-0.63018364
-2.9977484,2.244838
-7.798009,4.299154
5.934363,-0.14771207
-7.9456654,3.8550503
-6.880631,3.3478775
-3.0068996,2.330428
5.781858,-0.80072945
6.0722146,-0.51046413
-2.929196,2.2190866
6.2927217,-0.37032488
-6.773419,4.061804
4.6530323,-0.9839605
-7.936042,3.9660904
-7.3535466,3.8680413
-8.283416,4.31392
6.208901,-0.28648087
-6.5568094,3.4423873
-2.952432,2.4213338
-3.3215618,2.2260969
-8.017154,3.751425
-6.959328,3.6041737
6.4422097,-0.8341773
-9.464913,5.191459
6.8205023,-0.8353764
-7.759315,3.731857
-8.413519,4.513222
-2.7956698,2.116647
4.482316,-1.1633328
-9.253311,4.252101
-8.385011,4.9459486
-7.082638,3.8567624
-9.420432,4.519378
-7.905448,4.2156615
-7.3988786,3.8244755
6.0927687,-0.82963896
-6.1685905,3.3416722
-8.191772,4.6819053
-7.8702383,4.133507
-7.4699945,4.245692
-7.44289,4.031593
-8.685934,4.168351
-8.4141245,4.3201423
-8.2085285,4.6307316
-7.1036983,3.8309224
-7.8267255,4.382973
-3.0177472,1.9736786
5.6951528,-0.4710493
-7.540268,4.089379
-7.489138,4.489248
-9.024201,4.6437426
-3.3136249,2.3623621
-8.289722,4.0564075
-8.826736,4.3572893
-7.073225,4.2794776
6.726683,-0.32748026
-7.6581154,3.8995252
4.346644,-1.035673
-8.621966,4.9805365
-3.6919217,2.510353
-8.468302,5.3406005
-6.7498794,3.7932925
6.1347375,0.015661884
5.796563,-0.75687504
5.802435,-0.54902345
-8.400147,4.077028
5.8202996,-0.8117639
6.2469907,-0.5296281
-8.194097,4.3182874
-9.673275,4.8077846
-3.3804767,2.1653345
-3.2597036,2.3940554
-5.488347,3.1024542
6.9122767,-0.7409619
-9.262216,4.5697265
-7.8757434,3.9021394
-6.777318,3.5958378
-2.8116019,2.2837722
4.446988,-1.1317357
-8.458264,3.898592
-7.405423,3.9434724
-8.651917,4.592189
-8.619623,4.2885585
-8.729504,4.773994
-4.725088,2.9844632
-7.458823,3.676295
-7.6703553,3.5003192
-2.8036902,2.1369448
-7.287197,3.7731051
-9.687974,5.029368
-7.856927,4.6345577
-8.659742,4.1659245
-7.5115685,3.5044863
6.0356765,-0.35914564
-3.00752,2.3677962
-7.9718933,3.892497
-8.612659,4.860692
-4.4618587,2.985232
4.6935,-1.0080453
-5.192791,3.1956582
-9.070847,4.7028008
4.4732246,-1.1504803
4.274502,-1.1762999
-7.569696,4.4474406
6.5061245,-0.56564635
-3.2702684,2.3000278
-2.953456,2.5665348
5.9371943,-0.40232143
-8.024121,4.2420287
-8.034022,4.643112
-2.6354866,2.0334768
-8.829833,4.125387
4.7076416,-0.9552517
-7.7170334,3.6581745
4.648481,-0.86326146
-8.615604,4.4171557
4.339924,-1.1674204
-8.451765,3.7359653
-8.122927,4.2905188
-8.452257,4.052767
-7.9118166,4.3413925
-8.8230095,4.699207
-6.9283338,3.42812
-8.724668,4.434644
-7.6870675,4.0592976
-5.707074,3.1600208
-8.087656,4.1647277
5.2783527,-0.5476505
-6.615705,3.5506127
-8.66873,4.212258
-7.8501654,4.3826394
-7.701591,4.611684
-8.976712,4.394091
6.490684,-0.5177254
-7.6150312,3.9535377
4.761882,-1.1651318
-8.6215515,4.3652277
-8.536232,4.515142
-7.669057,4.0208554
5.8090997,0.15165785
-7.3637257,3.7009242
-2.9266915,2.042488
-8.951299,4.686429
-7.320462,3.9457076
-8.967068,4.646962
-6.3344455,3.3391623
-3.3177104,2.1450205
-6.5265718,3.246663
-9.09779,4.685084
-7.6215754,4.0839467
-6.7792616,3.7243476
-8.838041,4.815643
-7.6164904,4.0759935
-6.6644526,3.7696133
-7.9940004,4.2420845
-3.5032833,2.7400515
-7.7882853,4.3046713
6.262379,-0.6674375
-3.6120067,2.6376183
-8.485477,4.699185
-8.944498,4.3254595
5.878778,-0.51109594
-5.9322233,3.2993898
-8.217607,3.938985
4.873745,-0.7747064
6.1540627,-0.84790325
-9.914001,4.908211
-3.1706307,2.3333397
-8.566776,4.931618
-8.060437,3.7249267
-8.164212,4.4103065
-8.052673,4.3093686
-8.519991,4.6012487
-8.179137,4.4955873
6.6472316,10.978283
-3.193617,1.9885323
-8.50128,4.045487
-7.6973557,3.8387153
5.7386136,0.09267381
-3.0186815,2.2293353
-6.52882,3.6975403
-3.5646207,2.563596
-8.029944,3.797828
-9.413153,4.8364224
-7.122886,3.7124941
-9.623977,4.419043
5.4717607,-0.5844799
-2.8782563,2.1922817
-8.325374,3.7883835
-7.5932784,4.4184237
-3.3087413,2.561503
-3.81065,2.6197715
-9.537255,4.198896
-7.297242,3.699763
-9.366779,4.380023
6.585284,-0.8574388
4.7217407,-0.9992417
-2.701833,2.1970012
-7.805548,4.512829
5.095346,-0.9925696
6.43599,-0.3992558
-9.285128,4.3904176
5.699969,-0.16779256
4.43286,-0.99896866
-2.9939575,1.9042938
5.5018883,-0.7732828
-3.2118666,2.6765108
6.6454377,10.976571
4.376001,-1.1456097
6.253926,-0.7106338
6.77079,-0.7507505
-8.813131,4.463421
-8.747705,4.0386744
-8.758169,4.7957754
-7.722054,3.7884429
6.0764036,-0.55478436
-7.710387,4.014879
-8.435108,4.532038
5.1571755,-0.8822498
5.4611206,-0.6096524
-7.968971,4.2217145
-3.0201092,2.1481137
-3.4940257,2.6328819
6.070801,-0.6868543
-3.3388412,2.4764082
-8.429923,4.279432
-7.65045,3.9372978
-6.1108146,3.2972429
-8.315025,4.4475827
-7.746672,4.200476
-7.9910793,4.225953
4.329355,-1.155571
6.4525847,-0.4407302
-8.02697,4.3430004
-6.6274962,3.6074274
5.384247,-0.075523265
-9.819406,4.8330317
-3.2834382,2.071106
-3.0433595,2.1017985
-6.671117,4.1336784
6.408762,-0.47601116
-7.3087244,3.8018007
-8.141604,3.8388152
6.312148,-0.7335647
6.195519,-0.44176668
5.7269607,-0.9372414
-2.6988413,2.2851787
4.226558,-1.1992534
6.2222366,-0.88999164
-8.581626,4.95599
5.883458,-1.1391432
-7.658323,4.1894407
-2.8239155,2.2286098
-7.5046935,3.6975398
-7.898948,5.1036386
-8.183324,3.9994304
-9.34944,4.798549
-7.3027096,3.9291925
-7.2436795,4.3297863
6.378728,-0.7234815
4.5373755,-1.1080036
-8.588417,3.7145388
5.62388,0.2795169
5.9068894,0.04802916
-3.7375894,2.6670496
-3.5221844,2.5501294
-8.541886,4.753397
4.7630615,-0.93205494
-7.467515,4.288149
-8.852998,3.9338055
-8.704244,4.070348
-8.851979,4.734584
6.5896816,-0.525697
-7.9878063,4.018461
-8.584631,4.420869
-8.962201,4.1059275
-3.5922813,2.5088131
4.2564144,-0.8537087
-9.182361,5.050866
-6.2614293,3.5141842
-2.8246562,1.9901195
-8.891795,4.4566092
-3.0250742,2.3149602
-8.316676,4.4091825
-8.519185,4.061053
-8.46349,4.599933
-5.9526267,3.1248188
-8.901955,4.379902
-8.30624,4.283237
-6.5463157,3.3168535
-7.9648004,4.246053
-9.481409,4.776328
-6.308789,3.3877847
-7.9951057,4.0088673
6.249052,-0.7972931
6.5797353,-0.70133495
-9.259825,4.7172666
-8.705143,4.6482406
-8.624655,4.374511
6.5085053,-0.40612558
4.737526,-0.977786
5.9863825,-0.65089345
-5.840337,3.1670187
4.2981415,-1.0869547
-8.615599,4.5351768
6.6589093,10.990235
-7.631428,4.7427263
4.3954268,-1.1608875
-2.9868944,2.0148067
-8.970162,4.78534
4.4673843,-0.7996084
5.5934305,-0.5749927
-5.993598,3.252976
-7.4122376,4.8888993
6.4627037,-0.61274105
5.1993375,-0.9593851
-8.735922,4.4308243
-7.966277,3.934895
-3.4606657,2.5096486
5.80919,-0.6522281
-5.710242,3.0830023
6.462741,-0.5478249
4.377339,-1.0433806
5.889897,-0.36770648
4.4706526,-0.7833789
-3.4308205,2.1981466
6.8767657,-0.62609863
-8.69251,4.5122337
6.9437895,-0.7825889
-8.058766,3.5872736
-7.097531,3.374172
6.855164,-0.5578798
-8.216262,4.409082
-8.355345,4.113456
-7.776449,3.9351406
6.954722,-0.9823726
6.2226286,-0.24505965
4.272602,-1.062317
6.3609385,-0.23418938
-7.409938,3.999585
-9.225085,4.919276
-8.695311,3.970628
-8.209573,4.2042317
-6.8782783,3.8560946
-5.8089867,2.957515
-6.211792,3.2605824
-2.692061,2.1820312
6.5494103,-0.7108272
-9.219123,5.1161714
5.730703,-0.9907163
4.515979,-1.1118519
-7.799687,4.7833934
5.7094502,-0.57514876
-7.9899287,3.7886887
-7.9014235,3.9445229
-8.591642,4.919624
-8.631298,4.9863467
-9.234727,4.524448
5.77142,-0.7305665
5.222024,-0.6093899
5.585674,-0.77078235
5.819835,-0.54082483
-3.1352403,2.1786213
-9.543826,5.0482564
-9.092494,4.183922
5.681174,-0.6724013
-7.5495586,4.0666537
-8.660476,5.198765
-8.470951,4.4987326
5.7260995,-1.0100454
-7.598579,3.961106
-9.881591,4.816802
-6.980506,3.9687798
6.813607,-0.5508904
4.2412224,-1.0355843
5.4810424,-0.76854026
-7.7182274,4.2777696
-5.9320083,3.2694173
-7.4194217,4.1972294
-7.5589347,4.098029
-7.534357,4.048134
-8.193173,3.8549085
-8.261273,4.0970426
6.609675,-0.48498064
6.040994,-0.87603664
4.8184915,-1.1056092
-8.139658,4.5565095
-7.7904363,4.5889573
5.3262486,-0.51148844
-8.571995,5.193857
4.8883905,-0.90308636
-3.617514,2.454744
-8.530456,4.2307653
-8.289542,3.9444017
6.8752155,-0.58403957
-8.754599,4.3645515
-7.559452,4.374835
6.3584094,-0.9828879
-8.202471,4.038211
-8.914421,4.6429
-7.971739,4.6502185
-3.1139696,2.2928224
-6.3878155,3.2719264
-8.660817,4.7490964
-9.281503,4.745084
-6.266156,3.3801754
-3.0449178,2.4528592
-7.9648533,4.0055003
-8.288195,4.5844245
-7.371826,3.3505466
-8.317347,4.538345
-8.98638,3.888378
-9.243741,4.9187284
6.3004127,-0.9107716
-7.178983,4.9155374
-6.564805,3.8179047
-9.498581,5.293295
-6.093823,3.1551623
-8.693239,4.683571
-7.321898,5.0829015
-3.0474706,2.6040742
-8.578446,4.099619
-8.440231,4.0802526
-2.8563893,2.2538176
4.346308,-0.9411313
-7.8669305,4.468287
-8.538197,4.865194
-6.827475,3.4926805
-8.494353,5.2023425
-7.80224,4.128392
-8.138101,4.009398
-7.511073,4.7132115
-7.4167895,4.389171
-3.3295019,2.1297913
6.382286,-0.90774316
-7.300689,3.5291383
6.5604625,-0.93642926
-2.9732525,2.5738719
-6.7224674,4.046448
-9.762483,4.7114086
-8.913851,4.641057
-9.869245,5.1104937
5.2759314,-0.70997435
-3.2006207,2.2467227
6.4190073,-0.9325938
-2.9863245,2.0198896
4.9158525,-0.8445149
-8.656261,5.2221355
-7.710239,5.0125203
-3.1623495,2.2164633
-3.1267993,2.436845
-8.357122,4.8704076
6.366469,-0.880798
5.46298,-1.2997187
-7.5551963,4.2106004
-7.464943,4.8825336
-6.450795,3.4797156
6.1370654,-0.39012912
-7.555301,4.1510777
-7.990623,4.504382
-7.6261244,4.1443834
-6.9024067,4.114205
-3.4002895,2.0732782
6.4091697,-1.0168293
-8.616069,4.2851872
-8.265202,4.5444193
6.1825047,-1.0001603
5.0483403,-0.86099
-7.677038,4.285998
-2.5502443,2.0813916
5.6909137,0.22342959
-7.818173,4.1765556
-7.400354,4.043927
-8.399878,4.412354
4.4241223,-1.1333208
6.16133,-0.24857995
-8.893026,5.0522428
-8.653077,4.7483993
-8.960677,4.753403
-8.669091,4.4554725
-9.387127,4.971344
-9.554899,4.6692367
-7.8426576,5.1364946
4.455884,-0.95477986
-8.985291,5.1692457
-7.7221317,4.4403787
-7.3379264,4.734087
-2.6314204,2.3039942
-9.016274,5.0886965
-8.439241,4.2683415
-8.686199,4.8001375
-8.091579,4.274579
6.4500356,-0.51661545
-7.558615,4.18449
-8.466821,5.0896964
4.93861,-0.8919879
-6.655536,3.4160032
-8.12398,4.49865
-5.9205475,3.3626661
-7.464911,4.3645725
-6.488688,3.7377775
5.555947,-0.45483235
-9.341188,4.719885
6.1148973,-0.588924
-3.5980606,2.692948
-8.1096325,3.9412413
6.645878,10.97698
-3.6409318,2.208997
-7.8353443,4.329588
6.693183,-0.6103117
-8.120137,4.68063
-6.6787467,3.394266
-8.417487,3.76929
-3.5320442,2.4282331
-9.172618,5.005516
-2.9091878,1.995296
-7.7897673,3.9224691
-8.372937,4.91106
-3.1095943,2.1090555
-8.252529,5.0036435
6.2723536,-0.60762835
-7.9215465,5.0534983
-7.9302907,3.5329118
-8.0246525,5.082218
-6.437001,3.6582835
-2.9139225,1.9374055
-2.7807386,2.3686361
5.8967576,-1.0642244
6.067473,-0.66374195
-7.320375,4.3146496
4.213236,-1.0372685
5.624106,-1.0938065
4.3446393,-0.9867841
-2.8360126,2.0667892
-8.149062,4.644561
-6.73915,3.6706495
6.9337316,-0.83791906
-8.134737,5.160464
-9.3082485,4.989944
-8.4757595,4.9706163
-6.711125,4.2119813
5.4434443,-0.9152062
-7.7220798,4.5389123
-7.4827847,4.4054923
6.5610504,-0.93460244
-9.337649,4.9914284
-5.7173667,3.1343882
-7.0463433,3.7473292
5.5657477,0.28652537
-8.608782,5.0680227
-9.580903,4.8834705
5.816466,-0.28055617
-6.11055,3.3020494
7.051922,-0.5192694
-9.199926,4.8528295
-3.381197,2.6489925
-7.8838763,4.786907
4.8831196,-1.1959548
-9.870504,4.9191256
-9.426978,5.005196
-9.488575,5.080057
-2.926281,1.9521646
-7.808914,4.92174
-7.3520913,4.3791375
-7.576887,4.973067
-8.636519,5.001848
-9.155795,4.8440623
-9.565895,4.47297
-9.460545,4.988127
-2.9629643,1.9654704
-6.8896117,4.261218
6.519788,-0.69745725
6.7831144,-0.9424587
5.989486,-0.90599024
6.334511,-0.25925985
-7.5984054,4.5850134
-6.6746373,4.0714564
-5.567777,3.3196542
-3.0572104,1.8924692
-3.183982,2.193527
-7.67793,4.7047224
-2.9173355,1.8909606
-7.6146235,4.803373
-7.7356663,4.4448657
-7.6572948,4.3177605
6.4950247,-0.36275196
-7.8028126,4.738035
-7.055824,3.9345195
4.8852654,-0.9556951
6.5123353,-1.0688665
-8.914739,5.150077
-8.804117,4.982858
-8.670088,4.7579875
5.8849688,-0.98040485
4.569365,-0.9835709
-6.8780894,3.5360475
-6.9998584,4.1403685
-8.2062845,4.9621363
6.7236238,-0.93054986
-8.116321,4.613565
-7.3441644,3.9324746
-7.4590764,4.8540726
-4.4401774,2.9845026
-3.0470574,2.2922413
-8.794538,5.3080497
-3.122712,2.2977428
-7.108124,4.3815026
-8.404975,4.9094033
-8.539417,4.9619355
-8.444482,4.365345
-9.036191,5.0855045
6.5303893,-0.69746697
5.707351,0.01947533
-7.400321,4.8033547
-8.095975,4.2781763
-8.377322,3.7642229
6.021307,-1.1196386
6.740045,-0.77760226
-8.099372,5.096999
-8.105451,4.9493093
-7.7007174,3.7835028
-6.06015,3.5518777
-8.08326,3.915976
-8.780053,4.607993
-8.301721,4.9654064
-2.9198077,2.5416617
-7.7489395,4.584593
-3.3582115,2.486971
6.8990536,-0.8711889
6.4748325,-1.0197732
-7.8427687,4.730711
-9.377274,4.8518157
6.1738157,-0.3845865
4.361438,-1.1468014
-6.799356,3.678797
-6.5957227,3.7072394
-3.1555219,2.2838547
5.396596,-0.68042886
-8.069986,4.5989423
-7.3622136,4.6436853
-7.2556477,4.6374607
-7.864603,4.891947
-7.712983,4.753494
-7.261157,4.4064045
-8.305704,4.590899
-6.3212414,3.518749
-8.250382,5.1167145
-2.7062979,2.041207
-7.9590654,3.613714
-3.1462488,2.383103
-8.3208,3.9846253
-3.5405993,2.5436342
-7.0602813,4.8941
-3.6598742,2.3814063
5.2201467,-0.7454559
6.649752,10.980069
-8.168169,4.9262414
6.7939563,-0.8741552
6.8937874,-0.76955557
6.703914,-0.77376825
-2.8567848,2.6060042
-4.9090223,2.9949946
4.3576965,-0.95587575
-7.51163,4.5936933
-7.3668337,3.662192
6.444936,-0.8203445
5.673098,-0.3303697
6.624007,-0.33580965
-7.9051976,4.949341
-9.588356,4.4913287
-7.2821937,4.5911646
6.510355,-0.8244332
-9.029289,4.3223853
-5.693612,3.1357696
7.071926,-0.92720044
5.6445637,0.045947064
-7.1089406,4.577885
6.790942,-0.42766762
-7.1053085,4.56922
-7.4818115,4.6001644
-3.1915574,2.2692318
-8.112043,4.776114
-3.3706024,2.5391028
-3.5568807,2.394341
-8.561856,4.355946
-3.0239904,2.1693509
-7.5392103,4.614958
-3.3492048,2.5330062
-7.1171994,4.258986
5.5783067,-0.3792728
6.6794214,-1.0175108
-8.68112,4.803687
-8.908096,5.2746906
5.8049083,-0.61801744
5.291689,-0.6977102
-7.780648,4.5469823
-8.536145,4.7732797
-6.838711,3.5515509
-7.9432693,4.897884
-6.24152,3.7689419
-2.6763263,2.0655224
4.8257065,-1.0589192
-9.214473,4.785362
-7.400515,4.572348
-8.703667,5.2944326
6.449849,-0.6735879
6.807742,-1.0464519
-6.0445595,3.5571673
-8.9453945,5.2219124
-8.547082,4.7642865
-6.346872,3.7672486
-6.7431455,3.8951678
4.3473935,-0.9044358
-7.740731,4.9489226
-9.389351,5.2506514
-7.781392,3.775387
-7.9144216,4.5560737
-8.266336,4.9611807
6.3757186,-0.36450803
-8.991541,5.2263217
4.6976867,-1.0191286
-2.739255,2.3486147
-2.9577112,2.493651
-7.35546,4.8512464
5.2250347,-0.3651951
6.099052,-0.516797
-9.743982,5.0089726
-8.930812,4.8335247
-8.058649,4.9372797
-7.238018,4.675451
5.4845967,-0.70184684
-7.022665,4.210419
-7.170641,3.414959
6.6231995,-0.49909484
-6.2560444,3.5243206
-7.5106416,3.3556926
-7.719526,4.748162
-8.098827,4.9563003
-6.650078,3.2668543
-8.891784,3.8791335
-6.314009,3.3655188
-6.5189767,3.7254703
-8.56631,4.777656
-9.279944,4.7796583
4.8626494,-0.8867234
-7.214325,4.5580163
-2.7413163,2.064069
-8.7595215,5.011016
5.613338,-0.6370464
-7.9057417,4.5529094
-3.7492068,2.4459007
-6.1728415,3.4712365
4.609123,-1.0827782
-8.399036,4.8116283
-6.335983,3.7703037
-6.2365294,3.529605
-7.1502748,4.152765
5.7140083,-0.27099162
-7.8473926,5.175562
-9.075278,5.1992784
-3.1435144,1.8181854
-6.3582263,2.9440513
-8.106205,4.5359855
-6.111855,3.3384066
-3.4583185,2.6325803
-9.331409,4.159507
6.102204,-0.6315764
-7.9298,4.7741075
-7.4075136,3.7688856
-7.2664633,4.6363363
4.759421,-0.85732216
-9.35339,4.967572
-3.0628371,2.649444
-3.0817554,2.4415119
6.6489916,10.980278
5.5479193,-0.0170304
5.519254,0.014944557
-8.329206,4.943256
-7.386064,3.799099
-5.8281765,2.8147008
-8.77543,5.290441
5.51986,0.0055069453
-7.6840243,4.351599
5.0629935,-1.1744419
-7.344549,3.0223572
-7.4210024,4.8453665
-6.1813273,3.3996212
6.8947864,-0.4397303
6.992419,-0.79094493
-6.3294325,3.8218522
6.97283,-0.67168456
-8.378233,5.2850327
-3.6569123,2.356303
-8.440074,4.964929
-5.89842,3.9556658
-8.815909,3.4679446
-2.8000715,2.0166893
-7.3794994,3.2613614
6.0085387,-0.84523714
-6.84256,4.2480464
-9.547112,4.364932
5.4125643,-0.41059646
-6.8428354,3.4529479
-8.210808,4.413574
-8.025343,3.2825289
-7.7806234,3.8404136
-8.855403,4.1550984
5.318459,-0.6731241
-7.477078,5.1719713
-7.2027726,3.794492
5.6292105,0.10554842
-7.5654216,3.3774257
-7.8340034,3.494138
-8.678347,4.578873
-6.984353,3.8146152
-9.417786,5.0049167
-7.9901834,4.7548857
-7.4342527,4.091926
-7.0719724,3.2829592
-8.275358,4.064159
-9.169973,4.9232383
6.6585917,10.989194
-8.027324,3.449355
-7.380895,3.642162
-8.063709,4.0640297
-8.092001,5.210299
-7.56388,3.9020324
-8.748137,4.3489966
6.93288,-0.81574786
6.8763294,-0.805617
-6.6322036,3.9622562
-3.646978,2.4150503
-9.064418,3.7515318
-7.9443645,5.245779
-6.635846,4.2356305
-8.261018,4.247155
6.489959,-0.51678795
-8.166758,5.003182
-8.046682,4.8305006
-2.5702076,2.0780013
-7.9143434,3.6995754
6.8943467,-0.8044423
-7.421095,3.8133678
5.9379096,-0.71834314
-3.210793,2.489849
-6.595413,4.1799936
-7.566659,3.4722733
-8.190282,4.5556507
6.8769383,-0.94914937
-2.7894084,1.9799074
-3.5532606,2.6691582
-9.302096,4.4243393
-6.6915135,3.584479
-9.72381,4.349827
-8.4838085,5.4306474
-3.3482394,2.5602827
-9.130482,5.012078
-8.466745,4.7052765
-3.3480463,2.0278766
-3.340691,2.5283992
6.0613885,-0.99465686
4.766017,-0.9792725
-8.897035,4.980136
-7.0700426,3.6954644
-9.639104,5.1276293
-6.8890924,4.1438313
6.5807757,-0.8039126
5.581478,-0.23565063
-7.2124534,3.4759262
-7.713597,3.9979694
-3.5954888,1.9466394
-7.9243436,3.5975015
4.3355966,-0.9397067
-5.995895,3.3570333
-7.1471696,4.2588153
-3.4128864,2.8306108
-8.917765,4.569232
-7.9938936,4.7670627
-8.110137,5.100442
-8.511259,4.273155
-7.3019342,3.8678668
-8.164838,4.3554835
-7.109876,3.7722216
-6.661516,4.166703
-7.168348,3.4954386
-5.919162,3.2970371
-8.499605,4.3343287
6.3935986,-0.123240665
-3.4195068,2.795548
-8.027674,3.595696
-8.033117,3.7497969
-6.50281,4.0870886
6.0973787,-0.893074
6.4469743,-1.1937014
-7.077353,4.000239
5.7546453,-0.51315224
-3.4761055,2.5966945
5.7031198,-0.17006484
-6.470618,4.311022
-9.01578,3.786188
-9.1064005,4.965992
-9.400536,4.9435854
-2.623326,2.1012518
-3.7297964,2.4958558
-3.0468273,2.3042033
-9.329022,5.1660805
-9.44723,4.630573
-8.613371,4.316223
-2.4404624,2.3237593
-3.4377735,2.5081887
-8.236621,4.418097
6.2449656,-0.45783117
-2.9635773,2.5178912
6.2890854,-0.7027056
6.988452,-0.5073962
5.4651103,-0.6131252
-7.4009385,4.307117
-5.456932,3.0188215
6.7684107,-0.87077737
-3.415512,2.3238902
-3.1192725,1.6842407
-6.8503428,3.5499718
-6.7671676,3.5751202
-6.9511447,3.4099545
6.5173507,-0.9525942
-8.523693,4.3787837
-6.3887005,3.7013822
6.8152122,-0.31808138
-8.877877,3.9785836
-7.7703876,4.2219343
6.7233095,-1.025537
-9.257335,5.1143293
4.509804,-1.249702
-9.019767,4.0126143
-7.360499,4.0000205
5.384019,-0.51589376
-7.9641137,3.5778913
-3.3657818,2.655341
6.81854,-0.85432357
6.0286617,-0.21078596
-8.425926,4.1685743
-7.510802,4.321
-7.179426,4.2624807
6.842718,-0.5110966
-7.5639443,3.2110515
-8.219115,3.7687838
-8.939919,3.5844479
4.899552,-1.0710073
-7.187545,3.55977
-8.265704,3.6577177
6.755668,-0.35631794
-9.280154,4.4299293
-8.558303,3.999263
5.6152177,0.1816641
-9.889931,4.941336
-9.08263,4.681119
-7.334939,3.859771
-6.873868,3.9186828
-2.5436978,1.9758826
-3.2667284,2.541936
-9.035684,4.7829785
-8.565976,4.9387317
-3.020448,2.4678278
-8.983719,5.186587
6.0748215,-0.7962433
-9.333703,4.6836324
-8.74163,4.8690495
-7.654104,3.3847766
-8.465875,3.6116989
-8.108649,4.7107506
-3.6003435,2.3346875
-7.8444233,3.4488533
-9.511108,4.6858816
-7.7901545,3.3790412
-7.744216,3.397022
-9.66681,4.608849
-9.086244,3.9566731
-9.388274,4.9838104
-2.6205928,2.0354517
-7.3299375,3.4659362
-8.047184,4.819869
-8.566916,3.796144
-6.69822,3.312735
4.824988,-1.0649526
-2.8029015,2.4941401
-6.1468277,3.517032
7.099578,-0.85501474
-8.812051,4.1421547
-6.7130904,3.8146253
-8.387049,4.3278394
-7.914372,4.4389095
-7.651092,3.41662
-8.776265,3.7555704
-6.1864777,3.6570518
-8.287319,3.4411314
-6.991071,4.34692
-6.165525,3.559804
-6.1580343,3.0967164
-8.094495,3.1109803
5.456692,-0.40351042
-7.82486,4.8577046
-9.5010395,4.608281
-7.928525,4.6067758
-9.058259,4.163072
-3.1638398,2.240406
-7.187071,3.8078265
-8.941719,4.183627
4.651548,-0.94205046
-5.8580985,3.2269359
5.9614363,-0.35788664
-9.140281,5.300862
-7.844665,3.7727294
-3.077116,1.9977736
6.187288,-0.25132036
-9.052129,5.3769345
-8.938343,3.638126
-3.8560643,2.712361
-3.2435036,2.44196
-8.941981,4.580895
5.3641214,-0.5684913
-8.830929,4.0511713
-7.7048798,3.5753796
-3.6491349,2.5742226
-6.193931,3.1959932
-7.237579,3.903432
-6.775829,3.6965597
-8.256188,3.3561158
5.507595,-0.8273427
-7.9728985,3.3006966
-3.607606,2.3300748
-3.2538893,2.1351628
-7.6356235,3.6546414
6.6376905,10.965728
-8.694267,3.5534546
-7.2519264,3.1465132
-9.236084,4.196859
6.270944,-0.78284395
-8.579001,3.645805
4.5557294,-1.2821916
-8.284555,5.3448358
-9.516308,5.0724134
-8.180767,4.293386
-8.456049,3.24734
-3.243996,2.3852491
4.467336,-1.2910883
-9.465413,5.106564
5.609137,0.24358487
-8.62775,3.8289275
-7.725075,3.5583203
-4.5467587,2.8316796
-8.358578,4.055149
-9.244642,3.8791523
6.823281,-1.1354469
6.549337,-0.37046728
7.021273,-1.0237738
-4.529771,2.8763015
-5.8876705,4.3055415
5.0294437,-0.8769836
6.6646357,-0.9619401
4.3145127,-0.9763327
6.3807607,-1.0514412
-6.2969394,3.8471236
-9.012916,3.7263706
-2.7958615,1.9669493
6.9207373,-0.4981999
7.0543547,-0.9319917
-7.1135793,3.917485
-5.900373,2.8880796
7.0274568,-0.87924695
-8.170604,3.3066592
-7.561437,3.6686335
-8.734799,3.6656582
-8.724193,3.9488428
-3.0290928,2.5328405
-9.194558,4.169645
-7.913473,3.4642098
-7.006329,3.620392
-4.9324813,2.9481726
-8.3268385,4.3328867
-8.515578,4.764674
-8.510991,3.559103
-7.8300667,3.6097128
-8.181736,4.0911355
6.0147147,-0.0944915
-7.086071,3.3422112
-7.8343935,3.1856747
-9.555773,4.156184
-7.1245995,3.2363794
5.798817,-0.49214557
6.4045687,-1.0640169
-8.368094,4.017401
-7.1931605,3.6960588
-7.754635,3.0280786
6.740628,-0.84665376
-9.13613,3.8851218
-6.14021,3.3114467
-3.2117038,2.4844341
-8.305172,3.3932588
-6.186095,3.3606026
-7.700984,3.3664076
-6.023,3.4504356
-9.404545,4.2233086
-9.849478,4.6634393
-8.87159,5.4147797
-9.242936,4.515209
-7.0615206,3.6576016
-8.009253,3.2845979
-8.456371,3.7604172
-6.830722,3.520283
-9.102432,4.5081854
5.605658,0.18737687
-7.2440042,3.5503504
-6.854192,3.5611827
-7.1909194,2.9157822
-6.1123896,3.6271188
-9.7406435,4.6032653
-6.0984287,3.5279343
-8.661364,3.9200234
-9.17224,3.9877691
4.5091734,-1.0969069
-9.212207,4.5296545
-8.597581,3.4997473
-7.123319,4.330797
-7.9188337,4.2316957
-9.687241,4.6105056
4.925706,-0.7833301
-9.277626,4.3033304
6.934252,-0.54641813
5.410339,-0.83793765
-6.9726624,3.4411652
-9.433888,4.781074
5.9370623,-0.24155064
-9.531603,4.503468
-7.7050004,3.3056512
6.6384735,-1.1155725
-8.377542,3.7503066
-8.562774,3.3614774
-9.5377445,4.136606
-8.028449,3.3220272
-9.032426,3.7299747
-7.5206203,3.1669042
-6.405298,3.228031
-3.8653502,2.5379398
-7.792112,5.5157957
5.976356,-0.7552603
-2.8117516,2.1818964
-8.048826,3.40529
-8.874129,3.6799905
-7.2906146,3.6858547
-8.068685,3.4589756
-7.801109,3.1421342
-7.0338335,3.4128785
-2.5781496,2.1935601
-3.7494788,2.385284
-2.8623097,2.480936
-3.681794,2.5768833
-6.1097155,3.3634803
-9.334417,4.0858026
-6.933316,3.1652462
-2.9567792,2.1463757
-7.6216288,4.91773
-8.327756,3.2912955
6.4498687,-0.884015
-2.6502175,2.0993066
-2.5223138,2.0745075
-5.8509316,3.2817364
-6.9902167,4.837497
5.9571705,-0.82899517
4.240174,-0.9767897
-9.923711,4.5492144
-8.43096,3.8795369
-8.866811,4.118835
-9.727076,4.529906
-3.5409935,2.460631
6.0123115,-0.49801037
-3.4045603,2.0723827
6.687766,-0.51521206
-8.220902,3.9023514
-9.05545,4.04007
-2.6978571,2.2517643
-2.7038724,2.551042
-7.8559313,3.3664484
-8.198907,3.6929128
-6.6545887,4.1316457
-7.9397297,3.367304
-8.065096,3.3920293
-9.642117,4.170538
-9.210529,3.7297878
-3.3373945,2.591392
-7.8682375,3.5681758
6.0594053,-0.014146693
5.7983894,0.22641186
4.7636323,-1.14508
-8.974005,4.282984
-8.434023,3.5652769
-8.056664,5.3979874
-6.910106,3.3623447
-6.351715,3.681753
-5.974556,3.295889
4.553462,-1.2339118
-9.539072,4.738447
5.0141068,-0.7636795
6.988858,-0.44480345
-9.695523,4.956875
-8.448192,4.081327
-9.047203,4.081801
-7.0910454,4.3605437
-3.479204,2.3208306
-7.141208,3.1737497
-3.2896962,2.2658412
5.646207,-0.25952095
-5.979919,3.4090378
4.625921,-0.88816696
-7.58856,3.513235
-8.268787,3.2971897
-4.0187144,2.652668
-9.942578,5.0831337
5.880112,-0.6101282
-7.193603,4.706388
7.020171,-0.61004937
5.63458,-0.120063506
-6.248441,3.3937528
-9.032107,4.6760855
-3.5805259,2.571958
-9.528843,4.190465
-8.985796,4.295221
5.1659284,-0.533976
-2.7150505,2.0557187
-9.202729,3.7327785
4.5518866,-0.88096553
6.7225523,-0.645012
6.193738,-0.3680599
-8.735614,3.4427347
-8.747494,3.553197
-7.731353,3.160834
-9.05203,4.0577097
6.4244957,-1.0994021
5.917834,-0.45060807
-8.758816,4.671239
-6.336255,3.3897548
4.6075096,-0.9562078
-3.2311168,2.2569785
5.8065166,-0.22799605
5.8657007,-1.1721708
6.725094,-1.0386028
-3.3648248,2.1049366
-8.444362,3.6761937
-7.4567437,3.3989613
-8.178733,3.481867
5.0033045,-0.60542774
-8.8443575,3.5356362
-6.498542,3.217169
-6.808947,3.8299925
-6.643985,3.203384
-8.79851,4.8877034
4.168586,-0.95421886
-2.9260964,2.4862134
4.558438,-1.0268266
-7.1642876,5.0836396
-9.591376,4.9383335
4.3020277,-1.2578148
5.261895,-0.45498
-9.361945,4.9284043
-8.292168,3.6717877
5.671452,-1.1339122
-2.811782,2.2157123
-8.75513,5.314156
-6.682103,4.4414988
-3.259442,2.2781954
5.455145,-1.2840854
-8.136123,3.2706397
-9.341836,4.158767
-2.6524746,2.1800475
-8.163662,3.1626265
6.662075,-0.63865
-3.0458322,1.952707
-8.850856,3.7169974
-9.192458,4.5093737
6.956736,-0.9883287
-6.6959476,4.458134
-9.245133,4.463552
-6.5124536,4.3277617
-8.910959,5.3615556
-8.684998,4.0226507
-9.323693,4.848001
-6.159987,3.367497
-9.093062,4.0260563
-9.427989,3.9916532
-2.797611,1.9473549
-8.883488,3.6975334
-9.519515,4.5931916
-2.7649975,2.333662
-8.456198,5.380408
-8.018633,3.1511834
-3.2103999,2.0219486
-9.071804,3.5911636
5.5462017,-0.84554994
-9.582134,4.6623473
-7.4940743,3.683667
-6.7026663,4.1375546
5.5014744,0.32700598
-7.4705153,3.4347796
-3.3110788,2.5929866
6.1539226,-1.1217057
-9.795901,4.7334795
-9.794731,4.4696655
-7.3156056,4.275305
6.218677,-0.5539394
6.192497,-0.46400654
5.374927,-0.90765345
-9.307394,4.08645
-3.3542507,2.3455827
4.717119,-0.97583175
-9.081616,3.9523292
-3.230406,2.5126638
-6.1051526,3.9837365
5.5652714,-0.4296111
4.5499763,-1.1431447
-6.7196755,2.9866297
-7.5921335,3.2372122
5.247858,-0.22187614
-8.000597,3.1657984
-5.9806356,3.5856383
6.4609427,-0.2902028
5.6426754,-0.31455413
-8.988334,3.5143511
-2.975991,1.8766272
-8.81415,4.5375733
-2.7412255,2.151848
5.459416,-0.48642266
-7.3310957,3.3618395
-9.173732,4.0790153
5.7461267,-0.5071416
-7.4872913,3.1130924
-9.1686,5.4865303
-7.1957736,4.8971987
-7.2255464,3.4003086
-9.445546,3.657551
-8.091234,3.5832667
-9.094581,4.1563673
-6.959229,5.037131
-9.651829,5.101802
4.669708,-0.6376905
-7.6239686,3.1994727
-7.7853,3.9229627
-8.405329,3.7771323
-8.178525,5.535787
-9.370135,4.549034
-7.75838,2.8501797
6.7011366,-0.95879966
4.253061,-1.1458983
-2.9119823,2.0359085
-9.424918,4.6762757
-9.603496,4.2182
-6.6309834,3.608534
-7.9227157,4.8635936
-3.4395857,2.4207232
-2.6954803,2.0382862
-9.169757,4.9260697
5.0688057,-1.1761079
-8.272062,2.8391445
5.5066247,-0.738616
-3.5630229,2.4373999
-6.861612,5.097012
-8.371906,5.5142384
-8.2825775,3.643165
-9.804837,4.899609
-3.5774713,2.7486444
5.627205,-0.5939671
-6.5880694,3.0559974
-9.862864,4.3234687
-9.438955,4.050215
4.5641656,-0.911149
-9.755548,4.6636004
-7.738911,4.6370687
-3.2459855,2.089662
5.7177706,0.19641808
6.436434,-0.47584203
5.5171328,-0.84314495
-6.7659297,3.0684373
-7.045252,4.6293664
-7.832389,5.3713346
-8.818395,5.245621
-7.581157,3.0887303
-9.029207,3.6029744
4.4040174,-1.0535318
-9.33816,3.9101045
-3.3755136,2.3106694
-9.553525,5.1353917
5.9288764,-0.08447656
-8.436784,3.6840487
4.800189,-0.6881812
-8.567318,5.5319104
4.7054806,-1.2269261
-6.9180813,4.8962936
-6.7387733,4.81904
-6.0619626,3.2516737
-6.8505287,4.4532433
6.59131,-0.3415233
-9.863107,5.100636
-9.434897,3.9312592
-7.3599277,4.751907
-8.786143,3.5154328
-9.785457,5.21421
-7.105881,3.4342976
-3.846948,2.5519679
-5.998771,3.5386946
-8.714943,5.4351215
6.1055183,-0.80491954
5.100644,-0.91987145
-3.1071823,2.102958
-6.811875,4.554807
-9.006595,3.6761727
-7.4603987,5.164104
-7.9248667,5.6391816
-7.36382,3.3050303
-9.714627,4.910068
-9.067157,5.142143
-7.900865,4.496557
7.0457563,-0.6786386
-8.125769,5.0084414
-7.0917587,5.30811
6.757012,-0.46923023
-5.984976,3.2222784
-8.103188,4.541923
-2.5976107,2.101645
5.8764277,-0.9284278
-8.962545,5.1458645
-8.357392,3.701974
-8.078835,3.6986134
-6.8601933,4.3466635
-8.249024,5.456634
-8.975001,4.762974
4.9971547,-1.0904273
-3.5284185,2.2941082
-9.092972,5.223901
4.645944,-1.0059294
-8.0669775,5.139553
-7.009203,4.9845834
-8.11098,3.223385
-8.050399,5.379828
-8.020143,4.9329333
6.892391,-0.8307286
-6.4023075,3.8271372
5.7714224,0.10959101
-9.812308,5.0750957
6.8182106,-0.5162128
-7.5662856,5.4698133
-6.4925876,3.8777466
5.323586,-0.74184537
-8.014149,5.326575
-6.9929104,4.8357277
5.5807223,-0.75264317
-6.9403043,4.5405803
6.580071,-0.70424014
5.839277,-0.9099901
-6.865808,4.5594444
-2.96199,2.47166
6.3460608,-0.8804853
-7.96241,3.9960625
6.834331,-0.7392529
6.5249095,-0.16702387
-6.745664,4.606801
5.59809,-0.87615716
-6.973717,3.5909479
-7.671151,5.090816
5.616397,-0.58278555
-9.022673,4.4974585
4.6051245,-1.2974118
-3.5190954,2.543905
7.0018296,-0.6719672
6.3103476,-1.0841396
-3.4440188,2.530227
-8.9391775,5.427712
-9.190139,5.3097467
-9.813361,4.4605966
-7.4806266,5.229165
-9.324201,4.847901
4.9923835,-0.80314666
-6.1806946,3.4885092
-7.8746457,5.1607814
-6.8197727,3.5821395
4.7741747,-1.100384
-3.0996838,2.569985
6.6370387,10.966896
6.735765,-0.32735047
-7.229159,4.838156
-6.7886977,3.24978
-9.899884,4.9483585
-7.8774686,5.324686
-3.4674275,2.7536273
4.67909,-1.0136709
-5.948482,3.3314233
-2.7543585,1.940633
-6.6634293,3.3359601
4.334215,-0.798342
4.484889,-1.2271618
4.682551,-0.9962448
5.5280576,-0.41756186
-7.148155,5.0552983
-7.169551,5.1374245
4.886698,-0.8842042
-8.7133,5.057667
5.4997773,-1.005728
5.8886714,-0.83032334
-3.313629,2.74798
-9.148119,5.1183424
-6.5947714,4.2528305
-7.468803,4.904721
-7.7733393,4.8068843
-9.769403,4.780181
5.867519,-0.5155089
4.550213,-1.2604058
-5.9214025,3.4082184
-6.363828,4.149474
-7.048743,3.7401888
-6.9948826,3.7048168
-7.6505957,5.3530946
6.326924,-0.63095194
-7.741581,5.453843
-6.8556776,4.00046
-8.930768,4.9941144
-5.635164,3.169728
-7.959022,5.440413
-8.360326,5.557012
-3.0409727,1.968495
5.401668,-0.64607143
5.9828606,-0.66084576
-7.4908757,5.480728
5.966746,-0.5733147
-9.099153,4.3311925
-2.8758376,2.604955
5.712303,-1.164497
6.022115,-0.45105702
4.306958,-1.2087673
-7.084705,5.042078
-2.6075613,2.0365086
-7.109623,3.1198723
-3.1035907,1.8925365
-9.253469,3.574258
-8.910499,5.523936
-8.237976,4.846979
6.141836,-1.2796406
4.9549227,-0.9074955
-6.0216875,3.6788864
6.1442733,-0.29032758
-3.1912832,2.566551
-7.5316534,5.38616
-9.957654,5.12289
-8.0343685,3.2512002
-8.686362,4.86749
-3.2726586,2.3498504
-2.9362495,2.3992033
-2.6057553,2.0783513
-7.47153,4.778047
-7.8577523,3.7065773
4.8833637,-0.64678013
-9.936869,4.512762
-3.3687193,2.2172403
4.875097,-1.1718892
-3.5196917,2.2937121
-6.1869545,3.7882354
5.3938065,-1.0187993
-9.506439,5.2367764
5.971134,-0.6746839
-8.401818,5.2394176
-7.1771193,5.189234
5.8455706,-0.8378619
-9.251445,3.9800677
-7.377738,5.041527
6.2444773,-0.11720149
6.532921,-0.6525028
-9.447911,3.8624556
6.945675,-0.9359095
-8.795167,5.547775
-9.242123,4.985923
-6.706411,3.2625878
-9.703317,5.155092
5.9893103,-0.031066217
5.3589425,-1.2115729
-5.8367934,3.5206668
-7.436369,4.862362
-6.5371795,3.4410965
6.785601,-0.93246335
-9.757691,4.626099
-6.38766,4.331562
-7.4058213,4.9545674
6.6460824,10.977078
5.586402,0.10798232
-2.9626071,2.2757528
-9.1439495,5.3602223
5.965078,0.062047686
-9.739766,4.8319125
-8.136624,5.642612
6.08519,-0.17639239
6.156188,-0.8406186
-8.72762,3.327428
5.2879195,-0.3391252
4.416918,-1.1093767
-7.7584624,4.0120225
-7.3747187,3.2600164
6.505799,-1.054411
-9.041675,5.545077
-3.5548768,2.2944155
6.1786976,0.041138574
6.5681243,-0.37104514
-6.659404,4.599684
-6.9015493,3.2420385
-9.203985,5.5312066
-7.5009365,2.86526
-9.5484085,4.5336566
-8.849928,5.509935
-8.263972,3.3725536
4.794414,-1.2242534
-9.793054,4.766957
-8.421897,5.7088923
-7.3409433,5.3994217
-7.044485,3.701517
-3.138059,2.5333302
4.495854,-1.1839384
6.671165,-1.0116924
-7.9836855,5.5678706
-7.3429685,5.288753
-8.34018,5.1996045
6.6293015,-1.013313
5.991128,-1.0257474
-8.498969,5.2428093
-7.9032583,5.55726
5.792619,-0.986547
-3.2464335,2.1153584
-7.107967,4.450167
4.6416626,-0.9577346
-7.371867,5.1684327
-7.7337737,5.2259245
-9.32534,5.5141253
-9.106171,4.1768374
5.296065,-0.98631334
6.6952305,-0.26881838
-7.5430264,5.325505
-5.919587,3.5239103
-9.411679,5.2730618
-6.572962,4.3100195
-3.6031604,2.207005
-6.6845064,3.8001964
6.472601,-0.50883144
-6.540955,4.3451123
-9.9529,4.710336
-6.5852227,4.2065988
-4.4105124,3.001363
7.012693,-0.67262506
-5.859876,3.3829217
6.613622,-0.38393524
-7.111733,3.123443
-9.912377,4.589926
-7.0592504,4.3749437
-6.5564265,4.0784903
-7.575718,5.1353245
-6.9368134,4.447179
-8.729199,4.2591624
-6.1617727,3.5603387
-3.21902,2.5769103
5.5402265,-1.1986338
-9.873321,4.7842546
-5.9695163,3.2163954
-2.6984718,2.2181447
5.1591716,-0.45529172
-9.170728,5.0376487
-7.8751836,5.233952
-8.040729,3.702482
5.6752887,-0.1483367
-7.3347178,4.823316
-6.1464577,3.9349895
5.064044,-0.9926515
-9.139365,5.0622067
-7.6346674,5.4480724
4.280786,-0.8278922
-2.6933975,2.0628831
-8.997115,5.104943
-6.994805,4.616297
6.137851,-1.1843213
-9.903503,5.086832
-7.2195888,4.5799913
-8.880769,3.5582352
6.5150023,-0.20214127
-8.593172,3.8678107
-6.9381604,4.7008495
6.030459,-0.29905793
-8.048359,3.9474921
-3.4379828,2.6245015
4.9725075,-0.33952108
-7.15685,4.8794503
-8.488208,5.433199
4.872103,-0.63428175
-3.5032704,2.3906572
-9.578295,4.919539
-8.474627,5.4966908
-8.502564,5.3139462
5.9533334,-1.0717026
-9.573224,5.263577
-8.712994,3.9783802
6.6927204,-0.28812557
-6.669997,4.631027
-9.002797,4.69971
-7.0795245,4.458545
-7.9169903,3.0879254
-6.572485,3.1886637
-9.747109,5.1155005
-9.330336,5.1637654
6.976539,-0.6500428
-8.772279,5.8253536
-7.7032814,5.438944
-7.32865,3.4234536
-2.5203242,2.1913931
-3.7991683,2.6113675
-3.1538885,2.6775842
6.6897597,-1.0803422
-7.2805285,2.9632263
-8.668059,5.802602
4.2093596,-1.0683308
5.468645,-0.46513596
-3.2511175,2.3290339
-8.542781,5.4029145
5.6328545,-0.6298366
5.650624,0.28009313
-2.929466,2.3961997
-9.406054,5.2631426
7.0443234,-1.0092077
6.4558997,-1.02155
-9.199889,5.410119
-7.772549,2.9158082
-3.119768,1.887434
-9.60161,4.35041
-6.958879,4.604609
-9.165698,4.1025352
-8.724153,5.4883566
-3.4866157,2.3048992
-7.678957,5.0589995
6.0765014,-0.17343728
-9.037453,5.553551
-6.1164246,3.2757027
-7.887152,4.609823
6.412614,-0.82120466
-6.731989,4.494892
5.5360017,-1.04486
-3.5006871,2.5770755
4.4712605,-1.3047259
4.3789163,-1.2648734
6.040808,-1.1299905
-8.493377,3.093604
-3.2788806,2.7411282
-3.745784,2.342993
-2.932887,2.4965446
-7.4288077,3.651378
-5.6732955,3.165388
-6.784943,4.6157403
-9.919924,4.962195
-9.661901,4.5793433
-8.462401,3.4606063
-8.806343,3.7056942
-7.3011603,5.115232
-8.996052,5.4920454
-8.733886,5.675721
6.929115,-0.43089342
-2.7728238,1.9881912
-2.523968,2.018317
-9.668573,5.083944
5.855135,-0.9213343
-3.5439079,2.3395796
-7.5486193,5.1619573
-9.67622,4.2789755
-8.213254,5.6647925
-9.246247,3.6533968
-7.1328263,4.5411396
-9.007297,3.3421168
-6.576937,4.5534997
-7.2923265,4.4420114
-7.918632,3.0674477
-7.886939,5.929501
5.674397,0.17387682
6.6831985,-1.1527532
-3.3671386,2.715798
-6.285366,3.6090782
5.9299445,-0.40007764
-7.829025,3.5683608
4.849521,-1.335297
-6.499127,2.9964473
-5.809449,3.2921052
-8.66623,3.464378
-9.9504,5.0876784
-9.8525305,4.3507233
-6.4059815,3.9647343
-3.0018373,1.9186524
4.8942738,-0.96764797
-9.127391,5.3433347
5.0227184,-1.0395079
-6.9176116,3.2774584
-7.1308284,4.797637
6.410526,-0.22919768
-6.1512055,3.7752633
6.0935307,0.073149666
-7.0204363,4.275204
-3.1718283,1.9333524
5.002332,-0.7861323
5.807659,0.14773935
-8.904214,3.647012
6.6348596,-0.51583695
6.8477907,-0.5694358
4.9056687,-1.0307982
4.8956523,-0.7461225
-9.5520115,5.0238667
-7.601015,5.0891614
6.305722,-0.8579706
-6.292635,4.391171
-8.561755,5.651222
-5.7848444,3.3620515
-9.319624,3.5068388
6.835165,-0.680107
-6.3811054,4.201552
5.7587028,-0.3633181
4.34851,-1.1810645
-7.774994,4.771852
-9.278804,5.6187
-3.426294,2.3920865
-3.2049046,2.6912937
4.421744,-1.2048256
-9.806331,5.2550063
-3.5766482,2.3421295
-9.548078,5.267378
6.9214616,-0.44425914
-7.5258594,2.9257557
-8.6256,5.8474445
-3.589438,2.375538
-8.141135,5.0896287
-7.319,3.680688
-3.433633,2.164167
-8.439099,5.8765674
-7.2611794,5.0403595
-8.434998,3.5582364
-9.824334,4.5981016
-8.398562,2.8838449
-9.211216,5.574606
-7.3022294,3.5913694
-2.942277,2.7100964
5.9228396,-1.0506006
4.741126,-0.7908464
-9.540623,5.4217052
6.3829966,-0.4305908
-2.637833,2.1605508
-7.9378905,5.341737
-8.227566,5.008574
-8.080317,2.9381068
-8.180013,3.1058302
6.578132,-0.49117833
-7.1046934,4.079876
